8,31.5,10.494047164916992,31.5,52.505950927734375,13.743128776550291,20.919662475585938,48.75701522827149,21.08628273010254,12.005525588989258,31.96415328979492,50.994476318359375,31.035844802856445,11.243836402893066,41.98512268066406,52.25602340698242,42.00892639160156,31.761829376220703,21.490930557250977,31.99985885620117,31.48809814453125,32.237884521484375,41.48526763916016,23.50226593017578,10.68446922302246,39.52153778076172,11.303340911865234,10.482147216796877,52.00609588623047,52.494049072265625,52.00609588623047,COVID-3519
510,31.5,7.978733062744141,31.5,55.02126693725586,9.987555503845217,19.904109954833984,52.99119567871094,19.0750732421875,9.49863624572754,31.935775756835938,53.501373291015625,31.064224243164062,9.96629810333252,42.92582702636719,54.01154327392578,43.05337142944336,31.01108169555664,20.010398864746094,31.478744506835938,31.000452041625977,30.989826202392575,43.0321159362793,22.46562385559082,7.362269401550293,44.48825073242188,7.426041603088379,9.477378845214844,54.95749282836914,54.52172088623047,55.04252243041992,Normal-3173
175,31.5,8.451138496398926,31.5,54.54886245727539,14.188947677612305,19.601364135742188,47.24915313720703,19.449512481689453,10.978379249572754,31.83624267578125,51.02374267578125,31.228837966918945,8.70060920715332,43.00815963745117,54.79833221435547,43.00815963745117,31.21799087524414,19.49289894104004,31.001060485839844,31.53253936767578,31.716930389404297,42.50922393798828,20.45823860168457,8.16912841796875,41.47880172729492,7.800346851348877,8.483678817749023,55.04780197143555,55.51420211791992,53.984840393066406,Viral Pneumonia-761
735,31.5,4.495369911193848,31.5,58.50463104248047,14.743614196777344,17.807899475097656,47.7564697265625,18.19672393798828,12.003342628479004,31.86104965209961,51.99648666381836,31.120433807373047,11.244214057922363,44.87733459472656,53.25552749633789,45.09952163696289,31.759212493896484,18.492969512939453,31.00008583068848,31.509258270263672,31.259300231933597,45.5068588256836,20.50188446044922,4.699038982391357,41.49828338623047,4.310216426849365,8.485427856445312,57.93065643310547,54.496055603027344,58.07877731323242,Viral Pneumonia-707
242,31.5,8.911285400390625,31.5,54.088714599609375,13.504287719726562,19.35898208618164,51.53212738037109,20.731348037719727,8.45751953125,30.957691192626957,53.5464096069336,31.953765869140625,7.395042419433594,42.91056442260742,54.56461334228516,43.08764266967773,31.52213478088379,19.95662498474121,31.544269561767575,31.0019645690918,31.47786521911621,43.04337310791016,21.53927421569824,8.025888442993164,42.54534149169922,8.889150619506836,5.425031661987305,53.77882385253906,56.578895568847656,54.31006240844727,Viral Pneumonia-1327
764,31.5,9.477283477783203,31.5,53.5227165222168,10.930330276489258,19.42156219482422,51.02529144287109,20.602161407470703,9.431877136230469,30.50103187561035,54.52168273925781,31.454591751098636,4.936518669128418,41.71672439575195,57.01910400390625,42.35243225097656,31.95407485961914,19.466968536376957,31.5,31.5,31.999481201171875,42.48865509033203,16.470064163208008,9.159430503845217,46.48452758789063,8.79616928100586,3.438065767288208,52.79619598388672,57.51858901977539,53.341087341308594,Viral Pneumonia-993
540,31.5,10.975624084472656,31.5,52.024375915527344,10.963443756103516,20.988109588623047,53.01100540161133,20.93938636779785,8.454232215881348,31.12240219116211,53.54695510864258,31.92632484436035,7.991368293762207,42.15806198120117,52.03655624389648,42.01189041137695,30.98841094970703,21.01247215270996,31.52436065673828,31.999408721923828,31.012775421142575,42.0362548828125,22.46196746826172,10.41531467437744,43.485748291015625,10.39095401763916,8.478593826293945,52.14618682861328,50.52615737915039,52.09746170043945,Normal-4507
430,31.5,11.99359130859375,31.5,51.00640869140625,11.250246047973633,21.477651596069336,53.26207733154297,21.55455207824707,6.99523401260376,31.3718376159668,56.00476837158203,31.628162384033203,4.765197277069092,40.3176155090332,57.74778366088867,41.67614364624024,31.243675231933597,21.99030494689941,31.01298141479492,30.987348556518555,31.756324768066406,41.00969314575195,19.503942489624023,11.68600082397461,45.495399475097656,12.35244846343994,3.509200096130371,50.2886962890625,59.49080276489258,51.72412109375,COVID-2072
84,31.5,12.993244171142578,31.5,50.00675582885742,10.75082015991211,22.55731964111328,52.762508392333984,22.42223358154297,7.99506950378418,31.635086059570312,55.03194808959961,32.36454772949219,6.238954544067383,40.68583679199219,57.274375915527344,41.30723190307617,30.743518829345703,22.01697540283203,31.013690948486328,32.013328552246094,31.256845474243164,41.01004409790039,20.50401496887207,13.290432929992676,44.522274017333984,13.641655921936035,3.483203649520874,49.76360321044922,59.51679992675781,50.24991226196289,Normal-10078
642,31.5,9.994186401367188,31.5,53.00581359863281,14.76034164428711,21.386455535888672,48.75115203857422,20.595972061157227,13.01662540435791,32.42998123168945,52.00608444213867,31.523250579833984,10.273180961608888,43.49675369262695,54.26128768920898,42.47377395629883,30.75601577758789,21.014463424682617,31.01176071166992,32.01148986816406,31.267505645751957,43.00851440429688,20.502973556518555,10.24993133544922,41.49729919433594,9.76169204711914,7.506486892700195,53.56380081176758,57.49297332763672,52.40132522583008,Normal-9298
255,31.5,7.416811943054199,31.5,55.58318710327149,8.413358688354492,19.54145050048828,57.57628631591797,19.624496459960938,5.4237213134765625,31.333908081054688,59.569374084472656,31.832183837890625,3.4306297302246094,43.20941162109375,61.562461853027344,44.03986740112305,31.5,19.458404541015625,31.5,31.5,31.5,43.54159164428711,11.402996063232422,7.748993873596191,54.50360107421875,8.330312728881836,1.3544926643371582,56.08145904541016,61.562461853027344,56.08145904541016,Viral Pneumonia-856
111,31.5,11.5,31.5,51.5,10.5,21.5,53.5,21.5,8.5,31.5,54.5,31.5,8.5,41.5,56.5,41.5,31.5,21.5,31.5,31.5,31.5,41.5,23.5,11.5,41.5,11.5,8.5,51.5,55.5,51.5,Normal-4484
289,31.5,8.494566917419434,31.5,54.50543212890625,15.242971420288086,20.143985748291016,49.25667572021485,19.8831787109375,12.982635498046877,32.097686767578125,51.017127990722656,30.924049377441406,10.744033813476562,43.05162048339844,53.77734375,41.98665237426758,31.23919105529785,20.491729736328125,31.000118255615234,31.4891357421875,31.76080703735352,42.50826644897461,20.480863571166992,9.255255699157717,43.49716567993164,8.755374908447266,8.505433082580566,54.00555038452149,54.516300201416016,54.00555038452149,Viral Pneumonia-889
349,31.5,11.475016593933104,31.5,51.52498245239258,13.97189712524414,21.61235237121582,46.98065948486328,22.26154327392578,12.47376823425293,31.549938201904297,49.5274772644043,31.400127410888672,10.97563934326172,41.487525939941406,50.02685546875,41.43758773803711,31.00062370300293,21.46253967285156,31.5,31.5,31.00062370300293,41.487525939941406,21.46253967285156,11.974392890930176,39.49001693725586,11.874517440795898,10.476263046264648,51.47504806518555,50.52622985839844,51.47504425048828,Normal-2007
703,31.5,13.992860794067385,31.5,49.00714111328125,9.737452507019045,22.61791229248047,51.74887847900391,22.417993545532227,6.99571418762207,31.699920654296875,54.00510025024414,31.357202529907227,5.253567695617676,40.75336837768555,56.23276138305664,39.29682159423828,30.7574462890625,23.01774787902832,30.985923767089844,31.014484405517575,31.24296188354492,40.01081466674805,11.50815773010254,14.564056396484377,47.49347305297852,13.535903930664062,6.510197639465332,49.72113800048828,57.4893913269043,48.26458740234375,Viral Pneumonia-335
521,31.5,9.994186401367188,31.5,53.00581359863281,14.248849868774414,20.595970153808597,48.26291275024414,20.38672637939453,11.993645668029783,31.546497344970703,51.00635528564453,31.453500747680664,10.738171577453612,42.5202751159668,52.75006866455078,42.49702453613281,32.24398422241211,21.014461517333984,31.98823928833008,32.01148986816406,31.75574493408203,42.008785247802734,23.50216293334961,9.808191299438477,38.49810791015625,10.156933784484863,9.48269748687744,53.49405288696289,54.4937858581543,53.54055404663086,Normal-3691
437,31.5,12.5,31.5,50.5,16.5,21.5,46.5,21.5,12.5,31.5,49.5,31.5,10.5,40.5,51.5,40.5,31.5,21.5,31.5,31.5,31.5,40.5,22.5,12.5,39.5,12.5,7.5,50.5,54.5,50.5,COVID-2606
565,31.5,12.939287185668944,31.5,50.06071472167969,12.211946487426758,22.529438018798828,52.32355499267578,22.286989212036133,9.949102401733398,31.74244499206543,53.050899505615234,31.257551193237305,9.679716110229492,40.7938232421875,53.85905838012695,41.22484588623047,31.230613708496094,21.990665435791016,31.04204559326172,32.03877258300781,30.77265930175781,41.09014892578125,21.45189476013184,12.750717163085938,41.5481071472168,13.127857208251951,8.41360092163086,49.92601776123047,54.58639907836914,50.195404052734375,Normal-5829
224,31.5,9.994186401367188,31.5,53.00581359863281,16.248308181762695,20.64247131347656,48.26290893554688,20.38672637939453,15.016084671020508,30.61651992797852,50.006622314453125,31.430252075195312,13.760610580444336,41.590293884277344,51.77358627319336,41.47404479980469,32.267234802246094,20.014732360839844,32.01148986816406,31.01176071166992,31.75574493408203,42.008785247802734,24.50189208984375,9.831439971923828,41.520545959472656,9.226951599121094,14.504595756530762,52.610572814941406,52.51757049560547,52.49432373046875,Normal-3720
371,31.5,14.317158699035645,31.5,48.68284225463867,10.956249237060549,23.42508316040039,49.42485809326172,23.0177001953125,7.668084621429443,32.038330078125,53.20770263671875,31.66004180908203,5.369279861450195,40.79706954956055,55.0118293762207,40.01139831542969,31.179912567138672,23.366886138916016,31.005321502685547,31.42725372314453,31.67459487915039,40.62247085571289,19.33670234680176,14.54995059967041,41.68457794189453,13.793379783630373,3.070474624633789,49.55580520629883,55.82659530639648,48.217262268066406,COVID-642
301,31.5,8.99444580078125,31.5,54.00555419921875,12.749075889587402,20.41384696960449,52.76142120361328,20.52493095397949,10.993953704833984,31.455564498901367,55.00531005859375,31.477783203125,10.238584518432615,42.47506713867188,56.24945068359375,42.45285415649414,31.744384765625,19.991729736328125,31.98876953125,30.989013671875,32.233154296875,41.98629760742188,21.50247001647949,9.216612815856934,45.49655151367188,8.683411598205566,8.4834623336792,53.516788482666016,57.49358367919922,53.427921295166016,Normal-3805
537,31.5,8.478271484375,31.5,54.521728515625,11.996685981750488,20.336633682250977,52.00236892700195,19.59819984436035,8.478270530700684,31.5,54.521728515625,31.5,7.001405715942383,43.57554626464844,57.04108810424805,43.401798248291016,31.02219009399414,20.5103816986084,31.5,31.5,31.02219009399414,43.53211212158203,21.50943756103516,8.912643432617188,41.53400039672852,9.04295539855957,4.482046127319336,54.69548034667969,59.51700973510742,54.30454254150391,Normal-4448
341,31.5,16.293092727661133,31.5,46.7069091796875,13.41611099243164,23.362247467041016,50.07708740234375,24.348642349243164,10.621328353881836,30.92460250854492,52.3786735534668,32.07539367675781,9.963732719421388,39.1445541381836,53.69386291503906,39.96654510498047,31.828800201416016,24.348642349243164,31.00680351257324,31.58219718933105,31.335601806640625,39.63774871826172,22.293657302856445,15.79989528656006,43.66552734375,16.293092727661133,9.141737937927246,46.37810516357422,54.84465789794922,46.87130737304688,Normal-1891
135,31.5,11.493751525878906,31.5,51.50624847412109,11.7561674118042,21.9904727935791,51.76866912841797,21.9904727935791,7.982346534729004,31.087629318237305,54.99266052246094,30.91268539428711,6.232892990112305,41.13449096679688,57.24195861816406,40.85957336425781,31.749919891357425,21.490629196166992,31.000154495239254,31.51249885559082,31.250076293945312,41.50937271118164,21.503122329711918,11.74367332458496,43.52124786376953,12.193532943725586,4.4834394454956055,51.18135070800781,58.49156951904297,50.83145904541016,Normal-8732
708,31.5,9.976755142211914,31.5,53.02324676513672,12.985132217407228,20.84872436523437,50.0380973815918,21.127490997314453,9.454065322875977,31.023771286010746,53.54593276977539,31.976228713989254,8.96622085571289,42.058349609375,54.057010650634766,42.96434783935547,32.01107406616211,20.96487617492676,31.523231506347656,31.999460220336918,30.98892593383789,42.03512573242188,23.508638381958008,10.348445892333984,39.53782272338867,10.60398292541504,8.431915283203125,52.094017028808594,54.52162170410156,52.95355224609375,Viral Pneumonia-401
47,31.5,9.94774055480957,31.5,53.05226135253906,17.162757873535156,19.96988868713379,47.29880905151367,20.874666213989254,14.935613632202148,31.15201187133789,51.05711364746094,31.639198303222656,14.703619003295898,42.1949348449707,52.82027053833008,42.54292297363281,31.268009185791016,20.990665435791016,31.9639892578125,30.96641540527344,31.73199462890625,42.00934219360352,24.44737434387207,9.437353134155272,39.4806022644043,9.390953063964844,12.406875610351562,52.37948226928711,54.58342742919922,53.4466552734375,COVID-2358
666,31.5,11.493751525878906,31.5,51.50624847412109,11.73117733001709,20.99078369140625,50.743988037109375,21.015775680541992,9.98172378540039,31.03764533996582,53.01827621459961,31.962358474731445,8.232270240783691,41.084503173828125,54.26788711547852,41.93424224853516,31.74992179870605,21.49062728881836,31.00015640258789,31.512496948242188,31.250078201293945,41.509368896484375,23.47750663757324,10.694000244140623,39.497501373291016,11.293813705444336,6.482816696166992,51.13136672973633,55.51749801635742,51.90612411499024,Normal-10105
60,31.5,9.5,31.5,53.5,11.5,20.5,49.5,20.5,9.5,31.5,53.5,31.5,7.5,42.5,54.5,42.5,31.5,20.5,31.5,31.5,31.5,42.5,22.5,9.5,40.5,9.5,5.5,53.5,56.5,53.5,COVID-2657
741,31.5,0.983611524105072,31.5,62.016387939453125,9.970585823059082,15.697016716003418,54.01249313354492,16.25409507751465,9.462661743164062,30.72173118591309,52.50510787963867,31.31157684326172,6.955812454223633,45.81198120117188,56.02780532836914,47.20467758178711,31.991539001464844,15.97555446624756,31.48361587524414,31.000267028808597,31.00846099853516,47.02444076538086,14.476361274719238,0.5412262082099915,49.52310180664063,1.3932273387908936,5.44842529296875,60.86946105957031,55.48711013793945,61.22992706298828,Viral Pneumonia-745
117,31.500001907348636,12.49342155456543,31.499998092651367,50.5065803527832,15.715988159179688,20.91155815124512,46.75787353515625,22.095359802246094,12.980093002319336,30.98701858520508,49.02024841308594,32.03928756713867,11.243852615356444,41.03617477416992,49.25701141357422,41.03617477416992,31.73676109313965,21.490306854248047,31.000173568725582,31.51315116882324,31.2369327545166,40.510040283203125,23.476459503173828,11.70422077178955,40.49688720703125,12.25666046142578,10.48095989227295,50.05936813354492,49.52008056640625,51.03271484375,Normal-6322
329,31.5,8.911285400390625,31.5,54.088714599609375,11.423603057861328,20.17797470092773,51.62066650390625,19.735275268554688,7.3729071617126465,31.86522483825684,55.62709426879883,31.134775161743164,5.402896881103516,42.73348617553711,57.64137268066406,42.3571891784668,31.522136688232425,19.95662498474121,31.54427146911621,31.001962661743164,31.47786521911621,43.04337692260742,20.454662322998047,8.93342113494873,41.54926681518555,8.800610542297363,2.3482742309570312,54.50927734375,60.65172576904297,53.66814804077149,Normal-551
396,31.5,17.553674697875977,31.5,45.446327209472656,16.513973236083984,23.505062103271484,49.74853515625,24.18624496459961,13.43072509765625,31.535852432250977,53.69222640991211,31.428295135498047,12.032506942749023,38.096717834472656,55.69992065429688,39.172271728515625,31.320741653442383,24.83157730102539,31.858516693115234,30.890520095825195,31.679258346557617,38.16842651367188,26.158090591430664,16.87249183654785,42.6498908996582,16.729084014892578,12.821245193481444,45.123661041259766,56.48866271972656,46.19921112060547,COVID-2536
19,31.5,14.470614433288574,31.5,48.52938461303711,13.0025634765625,23.572528839111328,48.99916458129883,22.456809997558597,10.477516174316406,31.73488998413086,52.5224838256836,31.265113830566406,8.95074462890625,39.83852767944336,53.990535736083984,39.19258499145508,30.97150421142578,22.515531539916992,31.5,31.5,30.97150421142578,39.544918060302734,23.513805389404297,14.940390586853027,39.4861946105957,14.00083827972412,8.480968475341797,48.88172149658203,53.4620361328125,47.23749923706055,COVID-2169
558,31.5,14.992425918579102,31.5,48.00757598876953,11.75149154663086,23.59453392028809,49.76434326171875,23.443090438842773,8.995180130004883,31.68173217773437,52.00574493408203,31.37883949279785,8.237953186035156,39.70835113525391,54.24713897705078,39.31459426879883,31.74231338500977,22.988752365112305,31.0153751373291,32.01491165161133,31.257686614990234,40.01124572753906,17.506423950195312,15.416473388671877,41.52570343017578,15.68907356262207,6.481183052062988,47.7652587890625,56.48853302001953,47.25034713745117,Normal-5329
81,31.5,10.993904113769531,31.5,52.00609588623047,12.261818885803224,20.52765464782715,53.249629974365234,21.52735710144043,10.018584251403809,30.47591590881348,55.00520706176758,31.573150634765625,7.750965118408203,41.42387771606445,56.760780334472656,41.61894226074219,31.25617027282715,20.990930557250977,31.012340545654297,30.98795890808105,31.768213272094727,41.00936508178711,23.50237846374512,10.798839569091797,42.521114349365234,10.262414932250977,6.507432460784912,51.396522521972656,58.516357421875,51.66473388671875,Normal-2258
73,31.5,11.94239330291748,31.5,51.0576057434082,15.777219772338867,20.762489318847656,46.762603759765625,22.14302444458008,12.939449310302734,31.57669448852539,49.0634994506836,31.346603393554688,11.175429344177246,41.47054290771485,48.296531677246094,41.3171501159668,31.806785583496094,20.99258041381836,31.03982162475586,30.963123321533203,31.26991081237793,41.01036071777344,24.520618438720703,11.405517578125,40.55018615722656,11.63560676574707,10.408464431762695,51.44108963012695,49.52367401123047,51.44108581542969,COVID-2638
641,31.5,16.99138069152832,31.5,46.00862121582031,15.71627712249756,23.539213180541992,45.73291778564453,23.504749298095703,14.992568969726562,31.56892204284668,47.00802230834961,31.46553611755371,13.234992980957031,38.63369369506836,49.2480697631836,38.3924560546875,30.74182891845703,24.02168273925781,30.983064651489254,31.01752471923828,31.224300384521484,38.01337432861328,22.470882415771484,16.302135467529297,40.4946517944336,16.68121910095215,10.47801113128662,45.7329216003418,51.48811721801758,45.319374084472656,Normal-9248
676,31.5,9.44892406463623,31.5,53.55107498168945,13.224246978759766,20.71821594238281,46.28385925292969,20.468795776367188,10.97945785522461,31.896808624267575,50.09319305419922,32.2369270324707,9.73235321044922,43.00737762451172,52.836822509765625,43.07539749145508,31.318603515625,21.48915100097656,31.001155853271484,31.534015655517575,31.81744384765625,43.5062141418457,23.518529891967773,9.993115425109863,38.55180358886719,9.970440864562988,9.482933044433594,54.049922943115234,53.5850830078125,54.04991912841797,Viral Pneumonia-95
731,31.5,3.495534420013428,31.5,59.50446701049805,18.252111434936523,17.26119613647461,47.24748992919922,17.77897071838379,16.002470016479492,31.223257064819336,50.0149040222168,30.830461502075195,12.752989768981934,45.16746520996094,51.764625549316406,44.86394119262695,32.249881744384766,17.51115608215332,31.999919891357425,31.508928298950195,31.74995994567871,45.50669860839844,24.501115798950195,3.3705544471740723,42.49824523925781,3.69193172454834,8.503666877746582,59.09381866455078,55.51403045654297,58.9331283569336,Viral Pneumonia-675
756,31.5,12.0,31.5,51.0,16.5,22.0,44.5,22.0,13.5,32.0,47.5,32.0,12.5,41.0,50.5,42.0,31.5,22.0,31.5,32.0,31.5,42.0,22.5,12.0,38.5,12.0,10.5,51.0,51.5,51.0,Viral Pneumonia-901
257,31.5,13.472244262695312,31.5,49.52775573730469,12.030022621154783,21.404455184936523,52.02390670776367,22.62479591369629,8.479941368103027,31.22264862060547,54.520057678222656,31.7773494720459,5.983790874481201,40.09785079956055,56.01774978637695,40.87443542480469,31.999229431152344,22.51385498046875,31.5,31.5,31.000768661499023,40.486141204833984,20.516935348510746,12.86207389831543,43.53699493408203,13.139423370361328,4.486100673675537,49.02852630615234,57.45996856689453,50.96997833251953,COVID-3090
661,31.5,12.993242263793944,31.5,50.00675964355469,9.72416877746582,21.584699630737305,53.76214218139648,22.395212173461918,8.967687606811523,30.60843086242676,53.00566101074219,31.418947219848636,9.21084213256836,39.60514831542969,54.24845123291016,40.388648986816406,31.74315643310547,21.98995780944824,30.98667526245117,31.01368904113769,31.22982788085937,40.01040649414063,23.47590446472168,12.209744453430176,39.4970817565918,12.777105331420898,7.481743812561035,49.65553283691406,55.51825714111328,50.35797882080078,Normal-9934
760,31.5,6.455039978027344,31.5,56.544960021972656,13.751916885375977,18.41353416442871,49.80707550048828,18.573246002197266,7.982294082641602,31.09073638916016,54.01950073242188,31.849369049072266,7.203693389892578,44.06740188598633,56.295406341552734,44.00750350952149,30.721399307250977,19.431703567504883,31.000896453857425,31.470054626464844,31.2803955078125,43.50840377807617,23.454469680786133,6.9741058349609375,42.54014587402344,6.115650177001953,5.486781597137451,55.9859619140625,55.576698303222656,55.9859619140625,Viral Pneumonia-943
65,31.5,9.976757049560549,31.5,53.02324295043945,14.98297119140625,20.755802154541016,48.040260314941406,21.220415115356445,11.498367309570312,31.92976951599121,50.54917526245117,32.11561584472656,9.96514129638672,42.01189041137695,52.05916976928711,43.057273864746094,32.011077880859375,20.96487808227539,31.523231506347656,31.999460220336918,31.98784637451172,41.9886589050293,23.508638381958008,10.348447799682615,37.539981842041016,10.696908950805664,8.478376388549805,53.09293365478516,52.52378463745117,53.04647445678711,COVID-3321
439,31.5,8.994443893432617,31.5,54.005558013916016,15.726116180419922,19.347442626953125,48.74018859863281,19.614044189453125,12.993457794189451,31.411130905151367,49.00679016113281,31.611082077026367,13.23784065246582,42.40841674804688,50.25092697143555,42.58615112304688,31.744384765625,19.99172782897949,30.989013671875,31.011232376098636,31.2333984375,42.00851821899414,22.480003356933597,8.19464111328125,42.49728393554688,8.750059127807617,12.482471466064451,53.42791748046875,51.49506378173828,53.561222076416016,COVID-2829
590,31.5,14.879230499267578,31.5,48.12076950073242,13.299880981445312,23.7536678314209,51.62541961669922,23.36259078979492,11.34449577331543,31.5752067565918,53.64096832275391,31.665454864501957,9.268779754638672,40.38948059082031,54.66378784179688,39.847991943359375,31.409751892089844,23.934165954589844,31.43983459472656,31.996368408203125,31.46991729736328,40.058570861816406,21.45233154296875,14.668649673461914,40.554931640625,14.969478607177734,7.313395023345947,48.21101760864258,56.67933654785156,48.15085220336914,Normal-7192
638,31.5,14.237323760986328,31.5,48.76267623901367,11.688471794128418,22.810733795166016,54.26587677001953,22.40523338317871,9.139619827270508,31.38414192199707,55.8299446105957,31.268285751342773,8.734121322631836,40.594764709472656,56.235443115234375,39.3203353881836,30.92071533203125,22.46316146850586,31.5,31.499998092651367,31.905498504638672,39.55205535888672,21.304594039916992,14.005609512329102,43.491188049316406,13.136682510375977,8.154836654663086,48.82060241699219,56.814727783203125,48.357177734375,Normal-9174
361,31.5,9.223329544067385,31.5,53.77667236328125,14.486684799194336,20.692726135253903,48.84999084472656,21.096738815307617,11.77083969116211,31.39899444580078,50.241580963134766,31.443885803222656,11.030153274536133,42.41949462890625,51.47605514526367,42.77861785888672,31.74689483642578,20.400941848754883,31.99378967285156,31.57855796813965,31.25310516357422,42.59906005859375,25.417404174804688,9.268218994140623,39.55775833129883,9.492668151855469,10.289468765258787,53.43999481201172,51.72295379638672,53.95623016357422,COVID-18
643,31.5,7.479175090789795,31.5,55.52082443237305,11.975274085998535,19.302248001098636,51.02472305297852,19.67692375183105,8.47830867767334,31.458370208740234,53.52255630493164,31.58325958251953,6.979608535766602,43.53122329711914,55.02125549316406,43.531227111816406,31.99956512451172,19.468772888183597,31.5,31.5,31.000431060791016,43.531227111816406,21.508668899536133,7.895480632781982,42.5320930480957,8.02037239074707,5.48090934753418,55.60408401489258,57.51908874511719,55.43756484985352,Normal-9309
772,31.5,11.493751525878906,31.5,51.50624847412109,15.729926109313965,20.89081573486328,46.7452392578125,21.115745544433597,11.981097221374512,30.987661361694336,49.01952362060547,32.06232833862305,10.231643676757812,41.03452301025391,51.268821716308594,42.00921630859375,31.74992179870605,21.490629196166992,31.00015640258789,31.51249885559082,31.250078201293945,41.50937271118164,23.502498626708984,11.693689346313477,39.49749755859375,11.293813705444336,9.481877326965332,51.05639266967773,53.51811981201172,51.95610809326172,Viral Pneumonia-1100
436,31.5,7.5,31.5,55.5,13.5,19.5,48.5,19.5,12.5,31.5,50.5,31.5,11.5,43.5,51.5,43.5,31.5,19.5,31.5,31.5,31.5,43.5,21.5,7.5,42.5,7.5,11.5,55.5,51.5,55.5,COVID-2542
538,31.5,11.99359130859375,31.5,51.00640869140625,11.737265586853027,21.503286361694336,52.77505874633789,22.45169258117676,8.994576454162598,31.5768985748291,55.03072738647461,32.39714431762695,7.225927352905273,40.62520980834961,57.28639602661133,42.34259414672852,31.756324768066406,21.99030494689941,31.01298141479492,32.01265335083008,31.243675231933597,41.00969696044922,20.50361442565918,12.275548934936523,43.52169036865234,12.685670852661133,4.48323917388916,50.698822021484375,59.54206466674805,52.28804016113281,Normal-4470
670,31.5,3.959121465682984,31.5,59.04087829589844,10.712718963623049,17.847566604614258,51.76079559326172,18.083580017089844,9.950215339660645,31.82678985595703,54.048301696777344,31.227680206298828,9.18771266937256,45.80601119995117,55.282833099365234,45.31583023071289,31.736013412475582,17.9928035736084,30.9735107421875,31.97202682495117,31.209522247314453,46.00571441650391,20.461862564086918,4.358528137207031,44.53517150878906,3.6686441898345943,10.4222412109375,59.89415740966797,55.51884460449219,59.34951019287109,Viral Pneumonia-64
617,31.5,12.0,31.5,51.0,10.5,22.0,41.5,21.0,8.5,31.0,41.5,31.0,7.5,41.0,41.5,41.0,31.5,21.0,31.5,31.0,31.5,41.0,20.5,12.0,44.5,12.0,8.5,51.0,56.5,51.0,Normal-8317
273,31.5,10.5,31.5,52.5,10.5,21.5,52.5,20.5,8.5,31.5,54.5,31.5,8.5,42.5,54.5,41.5,31.5,21.5,31.5,31.5,31.5,41.5,18.5,10.5,43.5,10.5,7.5,52.5,55.5,52.5,Normal-1588
382,31.5,11.400249481201172,31.5,51.59975051879883,15.38039493560791,21.05211067199707,48.61463928222656,21.74863624572754,13.390320777893066,31.30099105834961,50.604713439941406,31.59950256347656,12.295780181884766,40.4553337097168,50.604713439941406,41.64937973022461,31.5,21.450124740600582,31.499998092651367,31.5,31.499998092651367,41.54987335205078,21.35062026977539,10.40521240234375,42.54490661621094,11.300745010375977,9.310667991638184,50.8037223815918,52.59478759765625,51.500247955322266,COVID-1137
294,31.5,10.993903160095217,31.5,52.00609588623047,12.74947738647461,21.45420837402344,52.761962890625,21.478591918945312,8.99449634552002,31.54876708984375,56.0049057006836,31.402467727661133,7.23892068862915,41.59455871582031,58.27252197265625,42.35042953491211,30.744125366210938,21.01531219482422,31.012338638305664,32.01204299926758,31.25616836547852,42.00906753540039,23.502376556396484,11.18896770477295,43.496429443359375,10.70130729675293,3.5083224773406982,52.68881988525391,61.51545715332031,52.27431106567383,COVID-3593
194,31.5,6.994898796081543,31.5,56.00510025024414,9.749430656433104,19.441286087036133,51.740684509277344,18.584321975708008,5.995110034942627,31.520404815673828,56.005104064941406,31.5,3.24058198928833,43.57911682128906,58.2495346069336,43.45669174194336,31.744850158691406,18.99239921569824,31.989696502685547,30.989900588989254,31.25515365600586,44.007598876953125,21.502084732055664,7.198938369750977,42.49771118164063,6.770456314086914,2.485637187957764,55.59702301025391,58.51478576660156,56.453983306884766,Viral Pneumonia-80
725,31.5,5.2654805183410645,31.5,57.734519958496094,18.597152709960938,18.66385841369629,45.88943862915039,18.301740646362305,13.88961410522461,31.147411346435547,51.092506408691406,32.119415283203125,10.039724349975586,44.75543594360352,52.33133316040039,45.403438568115234,30.75670623779297,18.28268051147461,31.004470825195312,31.433292388916016,31.252235412597656,44.58390808105469,24.42916488647461,5.322657108306885,38.57083511352539,5.208303928375244,5.332186698913574,57.238990783691406,54.69462966918945,57.82981491088867,Viral Pneumonia-623
85,31.5,4.995284080505371,31.5,58.00471496582031,10.74897575378418,18.38912582397461,48.761077880859375,18.67209243774414,7.994749069213867,31.443405151367188,53.00560760498047,31.594322204589844,6.240345001220703,44.47882080078125,55.25048828125,44.55427932739258,31.7452392578125,17.992969512939453,30.990657806396484,31.00951766967773,31.2547607421875,45.00702667236328,21.50177764892578,5.183930397033691,39.49857711791992,4.844367980957031,4.485939979553223,57.51423645019531,57.4953727722168,57.51423645019531,Normal-395
493,31.5,11.5,31.5,51.5,10.5,21.5,52.5,21.5,6.5,31.5,56.5,31.5,4.5,41.5,58.5,41.5,31.5,21.5,31.5,31.5,31.5,41.5,20.5,11.5,42.5,11.5,2.5,51.5,60.5,50.5,Normal-2299
464,31.5,7.494792461395264,31.5,55.50520706176758,12.73323917388916,18.888153076171875,47.74647521972656,19.15892791748047,9.004880905151367,31.96864891052246,51.99555206298828,31.07301139831543,7.255260944366455,44.0077018737793,54.24506378173828,43.02874755859375,30.75016212463379,19.513017654418945,31.00010871887207,31.51041603088379,31.25005340576172,43.507808685302734,21.481340408325195,6.7032976150512695,37.49869918823242,7.369819641113281,4.505857467651367,56.06758499145508,56.515403747558594,55.98427200317383,Normal-789
101,31.5,11.493751525878906,31.5,51.50624847412109,11.73117733001709,20.99078369140625,50.743988037109375,21.015775680541992,9.98172378540039,31.037647247314453,51.993595123291016,30.987661361694336,7.232583045959473,41.1094970703125,55.267574310302734,41.90924835205078,31.749919891357425,21.49062728881836,31.00015640258789,31.512496948242188,31.250076293945312,41.50937271118164,20.478445053100582,10.768978118896484,43.49625015258789,11.19384479522705,6.507809638977051,52.13105392456055,55.51749420166016,51.90612411499024,Normal-7635
449,31.5,12.993244171142578,31.5,50.00675582885742,13.236398696899414,22.503286361694336,50.24991226196289,22.503284454345703,9.994339942932127,31.418949127197266,53.00566101074219,31.581052780151367,9.751185417175291,40.41566467285156,53.76214218139648,40.60478591918945,31.2568473815918,21.989959716796875,31.986309051513672,32.01332473754883,31.74315643310547,41.010040283203125,20.47699737548828,13.695690155029297,42.49598693847656,13.290433883666992,8.481378555297852,50.38499450683594,54.51862335205078,49.628517150878906,COVID-3492
233,31.5,13.99285888671875,31.5,49.00714111328125,12.250714302062988,22.446552276611328,49.2641830444336,22.50366973876953,8.99489974975586,31.357200622558597,53.00550842285156,31.614238739013672,5.739085674285889,40.26784896850586,54.747657775878906,40.66768646240234,31.24296188354492,22.989187240600582,30.985923767089844,31.985515594482425,30.7288875579834,40.981842041015625,21.504079818725582,13.707261085510254,41.49591827392578,14.278456687927246,4.482455730438232,49.235618591308594,56.48979949951172,49.721134185791016,Normal-1088
262,31.5,10.494049072265623,31.5,52.505950927734375,10.24411964416504,20.99107551574707,51.25630569458008,20.96727180480957,6.9831390380859375,31.916549682617188,53.99362564086914,32.03556442260742,5.745394706726074,41.88991165161133,55.75503158569336,42.08033752441406,32.237884521484375,21.51473617553711,31.99985885620117,31.511903762817383,31.73802757263184,42.50878143310547,19.479597091674805,11.208130836486816,41.49716567993164,10.732075691223145,4.483847141265869,52.86299133300781,57.49263381958008,53.12482452392578,Normal-4297
185,31.5,6.5,31.5,56.5,14.5,18.5,48.5,19.5,10.5,31.5,50.5,31.5,8.5,43.5,52.5,44.5,31.5,19.5,31.5,31.5,31.5,43.5,21.5,6.5,40.5,6.5,6.5,56.5,54.5,56.5,Viral Pneumonia-1057
202,31.5,9.494318008422852,31.5,53.50568389892578,11.25522804260254,20.037050247192383,52.267364501953125,19.96888542175293,9.00580883026123,30.98876571655273,54.01691436767578,31.01148796081543,6.756389617919922,41.94048690795898,55.76646041870117,42.05409240722656,31.25006484985352,20.491477966308597,31.99987030029297,31.5113582611084,31.749935150146484,42.508522033691406,20.50284194946289,9.244382858276367,43.519622802734375,8.767232894897461,6.5064544677734375,52.93764877319336,56.51626586914063,53.073974609375,Viral Pneumonia-1043
775,31.5,11.993589401245115,31.5,51.00640869140625,13.24958610534668,21.52891540527344,49.26338958740234,21.45201873779297,9.99424648284912,31.448732376098636,52.006080627441406,31.5256290435791,8.76388168334961,40.420143127441406,52.74942779541016,41.54798126220703,31.269306182861328,20.990633010864254,31.01297950744629,30.98734664916992,30.756654739379883,40.98406219482422,19.503942489624023,11.68599796295166,44.5213623046875,11.327140808105469,7.50788402557373,50.39122772216797,54.49243927001953,51.59596252441406,Viral Pneumonia-1144
689,31.5,9.40927791595459,31.5,53.59072113037109,10.405170440673828,20.364103317260746,51.598934173583984,20.635711669921875,8.413384437561035,31.59053421020508,52.59482955932617,31.59053421020508,6.331062316894531,41.821075439453125,54.58661651611328,42.4548225402832,31.5,20.454639434814453,31.5,31.5,31.5,42.54536056518555,22.44642639160156,9.228206634521484,49.5166130065918,8.775527954101562,3.343382835388184,53.13804244995117,58.5701904296875,53.13804244995117,Viral Pneumonia-220
148,31.5,11.493751525878906,31.5,51.50624847412109,11.756165504455566,21.99047088623047,53.76803970336914,21.940486907958984,9.007024765014648,32.06232452392578,56.017337799072266,31.887378692626957,7.232579231262207,41.109500885009766,57.26694869995117,41.8592643737793,31.749919891357425,21.49062728881836,31.99984359741211,31.487504959106445,31.250076293945312,41.50937271118164,22.5028076171875,11.71868133544922,44.49593734741211,11.168852806091309,6.482812404632568,51.13136672973633,57.516868591308594,51.85614013671875,Normal-8879
522,31.5,6.494999885559082,31.5,56.505001068115234,8.744550704956055,18.952510833740234,53.75555038452149,19.052490234375,6.005098342895508,32.0098991394043,55.99510192871094,31.01009750366211,4.245450019836426,44.04749298095703,59.25445175170898,43.947513580322266,30.760150909423828,19.51239776611328,31.00010299682617,31.509998321533203,31.24005508422852,43.507598876953125,21.50200080871582,6.69495964050293,41.49800109863281,6.295040130615234,5.485202789306641,56.02509689331055,57.49480438232422,55.985107421875,Normal-3716
314,31.5,16.92262077331543,31.5,46.07737731933594,15.653531074523926,24.33135986328125,46.79767227172852,24.537158966064453,11.949161529541016,30.985504150390625,50.05614471435547,31.91159439086914,11.125967979431152,38.94303894042969,51.32523727416992,39.08023834228516,30.779705047607425,23.88546371459961,30.95120429992676,31.94589614868164,31.225601196289062,39.01163864135742,22.444873809814453,16.991220474243164,40.55512619018555,16.854021072387695,10.40567398071289,45.905879974365234,51.5996322631836,46.14597702026367,Normal-9419
443,31.5,14.49264907836914,31.5,48.50735092163086,12.243622779846191,22.930177688598636,53.25530242919922,23.135969161987305,9.009727478027344,30.83852195739746,56.01881408691406,31.2207088470459,6.746000289916992,39.77582931518555,56.7537841796875,40.2462158203125,31.26480865478516,22.48919105529785,31.00021743774414,31.485301971435547,30.765024185180664,39.48183822631836,19.50518798828125,14.139860153198242,47.5224838256836,13.96346664428711,5.481841087341309,48.7425422668457,59.48789978027344,49.33052444458008,COVID-3099
779,31.5,6.480007648468018,31.5,56.51999282836914,13.993998527526855,19.189844131469727,48.006797790527344,18.83013153076172,10.476811408996582,31.34012794494629,52.52318572998047,31.65987205505371,7.998793601989746,44.44964599609375,55.00120544433594,43.57034683227539,30.98041534423828,18.510387420654297,31.5,31.5,31.020381927490234,44.529579162597656,23.46642303466797,5.80055046081543,40.4928092956543,6.120295524597168,5.480806827545166,56.55995941162109,57.51919174194336,56.48002243041992,Viral Pneumonia-1199
120,31.5,17.5,31.5,45.5,14.5,24.5,48.5,23.5,13.5,31.5,49.5,31.5,12.5,38.5,50.5,38.5,31.5,24.5,31.5,31.5,31.5,38.5,19.5,17.5,42.5,16.5,10.5,45.5,52.5,44.5,Normal-7573
667,31.5,13.493057250976562,31.5,49.50694274902344,13.257036209106444,21.98978042602539,50.24277114868164,23.017162322998047,11.007904052734377,30.930776596069336,52.01986312866211,31.06961250305176,9.75838565826416,39.8995361328125,52.76957321166992,40.09391021728516,31.250099182128903,22.489585876464844,31.99980926513672,31.513885498046875,31.74990463256836,40.51041412353516,23.503084182739254,13.270919799804688,39.496917724609375,13.715192794799805,7.50925350189209,48.84053421020508,54.51890182495117,49.14596939086914,Normal-10111
59,31.5,8.478271484375,31.5,54.521728515625,12.95230484008789,19.294137954711918,50.00425720214844,19.68507575988769,10.476383209228516,31.41312789916992,51.524559020996094,31.630313873291016,8.95608139038086,42.48962020874024,53.044864654541016,43.5755500793457,31.97780990600586,19.46788787841797,31.5,31.5,31.02219009399414,43.53211212158203,23.464113235473636,7.826711654663086,39.49245071411133,8.130773544311523,7.479215145111084,54.56516647338867,52.48017883300781,53.60954666137695,COVID-421
370,31.5,6.675618648529053,31.5,56.32438278198242,6.141866683959961,18.9216423034668,55.79063415527344,18.92164421081543,5.114651203155518,31.248231887817383,58.87228393554688,31.590639114379883,3.1005024909973145,43.735958099365234,60.80586242675781,43.43383407592773,31.459716796875,18.8410758972168,31.41943359375,31.006532669067383,31.379150390625,43.171993255615234,17.360675811767578,6.957600116729736,41.691593170166016,7.03816556930542,1.086353778839111,56.22368240356445,61.91365051269531,56.42509078979492,COVID-605
3,31.5,13.472244262695312,31.5,49.52775573730469,10.976093292236328,22.34744644165039,49.02852630615234,22.45838737487793,6.42755126953125,32.11016845703125,53.57706832885742,30.723419189453125,3.9314002990722656,40.9853744506836,55.07475662231445,39.82050323486328,31.000770568847656,22.458385467529297,31.5,31.499998092651367,31.000770568847656,40.48614501953125,20.46146583557129,13.860533714294434,35.49384307861328,13.69412326812744,2.433709621429444,49.91604995727539,56.57244873046875,48.91758728027344,COVID-1387
528,31.5,11.475014686584473,31.5,51.52498626708984,12.97314453125,21.412601470947266,51.025611877441406,21.51247787475586,10.476263046264648,31.549938201904297,52.52373504638672,31.450061798095703,9.976886749267578,41.58740234375,53.02311706542969,41.43758773803711,31.00062561035156,21.51247787475586,31.5,31.5,31.00062561035156,41.5374641418457,21.46253967285156,10.975638389587402,42.48627471923828,10.925701141357422,8.478758811950684,51.67479705810547,55.519996643066406,51.32523727416992,Normal-4120
16,31.5,14.5,31.5,48.5,16.5,22.5,48.5,22.5,13.5,31.5,51.5,31.5,11.5,39.5,52.5,39.5,31.5,22.5,31.5,31.5,31.5,39.5,23.5,14.5,39.5,14.5,9.5,47.5,54.5,48.5,COVID-3380
248,31.5,15.991938591003418,31.5,47.008060455322266,15.250386238098145,23.47192001342773,48.23323059082031,24.53588104248047,11.994014739990234,31.371036529541016,52.005462646484375,31.661209106445312,8.769886016845703,38.27067184448242,53.746490478515625,39.72153091430664,31.24206924438477,23.987781524658203,30.98413848876953,31.983619689941406,30.75844955444336,38.97998046875,22.50467872619629,15.701766967773438,40.49531555175781,16.2821102142334,7.512475490570068,46.23426818847656,54.488037109375,47.749610900878906,COVID-709
408,31.5,11.94239330291748,31.5,51.0576057434082,10.255069732666016,22.603206634521484,49.29358673095703,21.606151580810547,6.957119941711426,31.88348388671875,53.05171585083008,31.346607208251957,5.729975700378418,42.00741958618164,53.81867980957031,41.3171501159668,31.269908905029297,21.989635467529297,31.03982162475586,32.0368766784668,31.730091094970703,41.0103645324707,19.458648681640625,11.865696907043455,39.553131103515625,12.325876235961914,5.423190116882324,51.05760192871094,54.58564758300781,51.28769302368164,COVID-334
355,31.5,12.8318452835083,31.5,50.168155670166016,14.037105560302734,22.581069946289062,47.409446716308594,22.045394897460938,10.7159423828125,32.2231559753418,49.17716217041016,31.36608123779297,9.51068115234375,41.142086029052734,50.94487762451172,40.686767578125,31.28573226928711,21.884693145751957,31.92853546142578,32.06245422363281,31.71426773071289,41.11530303955078,23.30422592163086,13.742486000061035,39.561859130859375,12.912196159362791,7.314428329467773,49.92710113525391,51.72160339355469,49.87353515625,Normal-2281
692,31.5,8.45113754272461,31.5,54.54886245727539,12.193191528320312,19.731521606445312,50.30787658691406,20.25215530395508,8.91754150390625,30.968521118164062,53.01950073242188,31.098678588867188,8.700611114501953,43.00815963745117,54.79833221435547,43.00815963745117,31.21799087524414,19.49289894104004,31.99893951416016,31.46746063232422,31.716930389404297,42.509220123291016,21.45612144470215,8.104049682617188,39.48304748535156,7.930505275726318,6.422840595245361,54.18007659912109,54.58140563964844,55.04779815673828,Viral Pneumonia-232
481,31.5,6.0,31.5,57.0,10.5,19.0,53.5,19.0,7.5,31.0,55.5,31.0,5.5,44.0,57.5,44.0,31.5,19.0,31.5,31.0,31.5,44.0,23.5,6.0,39.5,6.0,5.5,57.0,56.5,56.0,Normal-1582
675,31.5,8.977789878845215,31.5,54.02220916748047,12.962743759155272,19.81154060363769,49.01604080200195,20.211145401000977,9.455095291137695,30.97829246520996,53.50050354003906,31.022693634033203,9.98790168762207,42.96646118164063,53.98891067504883,42.011844635009766,30.989391326904297,20.011343002319336,31.477798461914062,31.0004940032959,30.967193603515625,42.0340461730957,21.50986099243164,9.421795845031738,39.49211120605469,8.622584342956543,10.476308822631836,53.95561218261719,53.478302001953125,53.0453987121582,Viral Pneumonia-93
56,31.5,8.4945650100708,31.5,54.50543594360352,10.222418785095217,21.035079956054688,55.25525665283203,20.013580322265625,7.983817100524902,31.989013671875,58.01547622680664,31.076187133789062,5.723481178283691,43.94271087646485,58.754432678222656,43.09508514404297,31.23919105529785,20.491729736328125,31.99988174438477,31.51086807250977,31.739072799682617,43.508033752441406,21.480627059936523,9.276988983154297,44.49692916870117,8.777107238769531,2.485116004943848,54.87491226196289,60.51488494873047,54.13595581054688,COVID-720
778,31.5,8.45113754272461,31.5,54.54886245727539,19.74236869812012,19.709829330444336,46.81528854370117,19.47120475769043,16.965660095214844,31.554237365722656,49.02798080444336,31.64100646972656,15.18682861328125,43.463714599609375,50.30786895751953,42.74784469604492,30.71904945373535,20.42569923400879,31.00105857849121,31.46746063232422,31.217988967895508,43.507102966308594,24.51483917236328,7.995584011077881,42.5417594909668,8.16912841796875,14.405879974365234,55.43827438354492,49.52692031860352,54.72240447998047,Viral Pneumonia-1161
718,31.5,5.980400085449219,31.5,57.01959991455078,12.984821319580078,18.715709686279297,41.00250244140625,18.61774444580078,9.497306823730469,31.86246681213379,41.51191711425781,31.607759475708008,6.969836711883545,43.97080612182617,41.0220947265625,44.636962890625,31.010181427001957,19.009599685668945,31.519594192504883,31.99961471557617,30.990589141845703,44.02958679199219,20.50844955444336,6.411440849304199,40.49308776855469,5.627729415893555,6.480017185211182,57.00000762939453,57.51921844482422,57.00000762939453,Viral Pneumonia-528
752,31.5,8.911285400390625,31.5,54.088714599609375,13.371479034423828,19.55819702148437,48.49964141845703,19.4475212097168,10.361127853393556,30.8691520690918,53.5464096069336,31.04623413085937,8.435386657714844,43.087646484375,55.60496520996094,42.91056442260742,31.477867126464844,19.956623077392575,31.455730438232425,31.0019645690918,31.522136688232425,43.04337310791016,18.37397766113281,8.070158004760742,42.45680236816406,7.937347888946533,8.413251876831055,54.13298416137695,57.574974060058594,53.77882766723633,Viral Pneumonia-844
320,31.5,15.839540481567385,31.5,47.160457611083984,15.600082397460938,23.59793281555176,46.92100143432617,23.59793281555176,11.38564682006836,30.68584632873535,48.74087142944336,31.45210838317871,8.799516677856445,39.306278228759766,50.27339553833008,40.26410675048828,31.116867065429688,24.07684898376465,31.02108764648437,31.356325149536133,30.637954711914062,39.5936279296875,22.304866790771484,15.169061660766602,40.98247909545898,15.55219268798828,7.458559989929199,47.25624084472656,50.1776123046875,47.54358673095703,Normal-52
784,31.5,5.99509859085083,31.5,57.00490188598633,12.248798370361328,18.620121002197266,51.26091003417969,18.38487243652344,8.994522094726562,31.55881118774414,54.00547790527344,31.44118881225586,7.759465217590332,43.536903381347656,54.75043487548828,44.45829391479492,31.245147705078125,18.992599487304688,30.99029541015625,31.990100860595703,30.755046844482425,43.98779678344727,20.50211524963379,5.779453754425049,43.49769592285156,6.230347156524658,5.5049967765808105,56.49519729614258,56.49519729614258,57.49500274658203,Viral Pneumonia-1220
23,31.5,7.9150471687316895,31.5,55.08495330810547,10.384842872619627,20.168624877929688,51.57636260986328,19.65982437133789,7.4592485427856445,30.959400177001957,53.54795837402344,31.87099838256836,5.445252418518066,42.83137893676758,55.60435485839844,43.08577728271485,31.47880172729492,19.956623077392575,31.542400360107425,31.00180053710937,31.521202087402344,43.04337692260742,23.444015502929688,8.233047485351562,39.471187591552734,8.593446731567383,2.4348578453063965,54.61855697631836,54.58675765991211,55.04255676269531,COVID-1560
539,31.5,13.0,31.5,50.0,11.5,23.0,50.5,22.0,10.5,32.0,51.5,31.0,8.5,41.0,53.5,40.0,31.5,22.0,31.5,32.0,31.5,41.0,19.5,13.0,42.5,13.0,6.5,50.0,54.5,49.0,Normal-4498
69,31.5,4.995284080505371,31.5,58.00471496582031,13.239103317260742,18.653228759765625,49.25156021118164,18.332534790039062,10.994218826293944,31.61318588256836,50.987098693847656,32.36777114868164,8.730470657348633,45.57296371459961,51.74168014526367,45.38431930541992,31.235897064208984,18.99279022216797,30.990657806396484,31.990478515625,30.745418548583984,44.988162994384766,23.501426696777344,4.844367504119873,40.49839782714844,5.165065288543701,6.485587120056152,58.53292465209961,52.49626541137695,58.40087127685547,COVID-94
187,31.5,9.947736740112305,31.5,53.05226516723633,15.701194763183594,20.874662399291992,48.76036834716797,21.17625617980957,11.942888259887695,31.63919448852539,52.0546875,31.43039894104004,10.179732322692873,42.54292678833008,53.35385513305664,41.545352935791016,31.73199462890625,20.99065971374512,31.963987350463867,32.03358459472656,31.26800537109375,42.00933837890625,23.449800491333008,10.388525009155272,41.47574996948242,10.643719673156738,7.41900110244751,53.37705612182617,55.580997467041016,52.72747039794922,Viral Pneumonia-207
556,31.5,6.994898796081543,31.5,56.00510025024414,12.2387056350708,19.604516983032227,51.2509880065918,19.40047836303711,9.994275093078612,31.56121063232422,52.98532104492188,32.43857955932617,9.74942684173584,43.5587158203125,53.740264892578125,44.456485748291016,31.23474884033203,19.992191314697266,31.98969268798828,32.01009750366211,31.74484634399414,44.007598876953125,21.50208282470703,6.790860176086426,41.49791717529297,7.198938369750977,9.5045804977417,55.55621719360352,53.495418548583984,56.45398712158203,Normal-5289
656,31.5,11.493749618530272,31.5,51.50624847412109,10.256635665893556,20.965789794921875,52.24351501464844,22.015460968017575,8.007338523864746,30.91268348693848,56.992034912109375,32.137298583984375,5.7580413818359375,40.85957336425781,60.76585388183594,41.23445892333984,31.250078201293945,21.490625381469727,31.00015640258789,31.48750305175781,31.74992179870605,41.509376525878906,19.47875595092773,12.193531036376951,42.49656677246094,11.76866340637207,4.508431911468506,50.83145904541016,62.51531219482422,51.28131866455078,Normal-9797
218,31.5,12.0,31.5,51.0,14.5,22.0,47.5,22.0,11.5,32.0,51.5,32.0,8.5,42.0,53.5,41.0,31.5,22.0,31.5,32.0,31.5,42.0,21.5,12.0,40.5,12.0,8.5,52.0,54.5,51.0,Normal-647
518,31.5,13.49305534362793,31.5,49.50694274902344,12.729462623596191,22.01754570007324,48.7711181640625,23.01715850830078,11.007904052734377,32.06922149658203,51.02024841308594,31.958154678344727,9.230812072753906,40.121673583984375,52.26976776123047,40.92691802978516,31.74990463256836,22.48958396911621,31.000194549560547,31.51388168334961,31.25009536743164,40.51041412353516,23.50308609008789,13.715191841125488,39.496917724609375,13.270917892456056,9.48071575164795,49.118202209472656,53.51928329467773,49.89568328857422,Normal-3580
577,31.5,11.493751525878906,31.5,51.50624847412109,11.256325721740724,20.990785598754883,54.26788711547852,21.06576156616211,9.007028579711914,30.93767738342285,55.01765441894531,31.087629318237305,6.757730960845947,40.88456726074219,55.76741790771485,41.1094970703125,31.250078201293945,21.490629196166992,31.999845504760746,31.512496948242188,31.749923706054688,41.50937271118164,21.503124237060547,11.243828773498535,42.52155685424805,10.768978118896484,4.508433818817139,50.83145904541016,56.51718521118164,51.13136672973633,Normal-6560
677,31.5,5.980401992797852,31.5,57.01959991455078,12.965229034423828,19.26430892944336,52.01364135742188,18.79408264160156,11.495770454406738,31.21590614318848,55.54034423828125,30.941606521606445,7.988661766052246,44.08836364746094,56.03016662597656,43.970802307128906,30.990589141845703,18.97041702270508,31.519594192504883,31.000383377075195,32.00941467285156,44.02958679199219,20.469263076782227,6.548591613769531,44.490013122558594,6.489814758300781,6.48001766204834,57.03919219970703,58.51844787597656,57.07837677001953,Viral Pneumonia-100
637,31.5,7.494792461395264,31.5,55.50520706176758,10.254610061645508,19.05478286743164,52.24549865722656,19.92959213256836,8.005098342895508,31.010522842407227,54.01594543457031,30.96886444091797,7.755152225494385,43.00791549682617,54.76578521728516,42.98708724975586,31.25005340576172,19.4921875,31.99989128112793,31.51041603088379,31.74994659423828,43.507808685302734,19.50260353088379,7.244846820831299,43.49739456176758,7.7447381019592285,7.50520658493042,55.005313873291016,54.51583862304688,54.9844856262207,Normal-9112
241,31.5,4.495369911193848,31.5,58.50463104248047,11.244213104248049,18.122663497924805,51.25587463378906,17.863449096679688,8.98534107208252,32.08323287963867,54.9959716796875,31.93511199951172,7.744813919067383,45.0624885559082,54.75527191162109,44.932884216308594,31.240785598754883,18.49297142028809,31.999914169311523,31.509258270263672,31.740699768066406,45.5068588256836,18.48371315002441,5.254498958587647,44.49777221679688,4.736069679260254,5.485941886901856,59.0230598449707,55.495887756347656,58.948997497558594,Viral Pneumonia-1260
366,31.5,12.671829223632812,31.5,50.32817077636719,13.946514129638672,22.099193572998047,48.65514755249024,22.6568660736084,11.68925952911377,31.68589401245117,52.47920227050781,32.11078643798828,10.41457462310791,41.086700439453125,55.134796142578125,40.768028259277344,31.2078857421875,21.88674545288086,31.101661682128903,32.084228515625,30.809547424316406,41.29914474487305,23.267654418945312,12.193822860717772,40.71491622924805,12.963945388793944,11.105029106140137,50.11572265625,56.01114654541016,50.77962112426758,COVID-526
531,31.5,11.493751525878906,31.5,51.50624847412109,11.731173515319824,20.99078369140625,50.74398422241211,21.015775680541992,10.006711959838867,32.03733444213867,52.993282318115234,30.96266746520996,8.257258415222168,42.08419418334961,54.26788330078125,41.93424224853516,31.749919891357425,21.49062728881836,31.99984359741211,31.487504959106445,31.250076293945312,41.50937271118164,20.478439331054688,10.768978118896484,43.49625015258789,11.19384479522705,8.507181167602539,52.08106994628906,54.51780700683594,51.93111801147461,Normal-4284
90,31.5,7.994682312011719,31.5,55.00531768798828,12.738288879394531,19.39635467529297,47.75164413452149,19.65161895751953,10.99400234222412,31.436185836791992,50.00645065307617,31.60635757446289,10.24949073791504,43.45474243164063,51.2614860534668,43.58237457275391,31.75526428222656,19.991966247558597,32.01052474975586,31.98925018310547,31.244739532470703,43.008033752441406,21.50226402282715,8.207399368286133,38.498416900634766,7.845779418945312,8.505204200744629,55.494571685791016,52.51652145385742,55.558387756347656,Normal-30
201,31.5,6.494997978210449,31.5,56.505001068115234,13.243650436401367,19.13247299194336,48.25665283203125,18.83253288269043,10.00429916381836,31.070083618164062,51.99590301513672,31.9099178314209,8.764547348022461,43.04768753051758,52.75575256347656,43.927513122558594,31.260047912597656,18.49260139465332,31.00010108947754,31.4900016784668,30.760149002075195,43.48760223388672,19.50239944458008,6.2550458908081055,43.49760437011719,6.734950065612793,6.504998683929443,56.00510025024414,53.515602111816406,55.94511032104492,Viral Pneumonia-1321
309,31.5,11.974376678466797,31.5,51.0256233215332,11.987177848815918,21.986860275268555,51.03842926025391,21.986860275268555,10.50195026397705,32.076168060302734,52.498046875,30.9238338470459,9.964195251464844,41.11556625366211,54.008880615234375,40.859493255615234,31.01346015930176,22.012466430664062,31.52560806274414,31.999343872070312,30.987852096557617,41.03874588012695,19.5157470703125,12.588953018188477,44.53414916992188,12.30727195739746,9.477654457092283,51.15365982055664,55.46849822998047,49.79646682739258,Normal-9898
339,31.5,19.406614303588867,31.5,43.5933837890625,20.212839126586918,25.856422424316406,42.29102325439453,25.112213134765625,17.856178283691406,31.18991470336914,45.01978302001953,30.817811965942383,16.61583137512207,37.39164733886719,46.75627136230469,36.647438049316406,31.251930236816406,25.484317779541016,31.996139526367188,31.43798446655273,31.748069763183597,37.51568603515625,24.43001937866211,19.28257942199707,37.57769775390625,19.65468406677246,16.367761611938477,43.46935272216797,48.616790771484375,43.46935272216797,Normal-1756
50,31.5,7.952176094055176,31.5,55.04782485961914,10.24538230895996,20.331239700317383,52.28748321533203,19.65177154541016,7.952177047729492,31.5,54.04985427856445,31.563701629638672,7.718608856201172,43.539329528808594,54.81425476074219,43.539329528808594,31.266433715820312,19.991504669189453,31.03286361694336,32.03083419799805,31.733566284179688,43.00849533081055,21.520309448242188,8.589177131652832,43.539329528808594,8.18574333190918,7.4213409423828125,54.580692291259766,54.51699066162109,54.5806884765625,COVID-3263
268,31.5,11.493749618530272,31.5,51.50624847412109,10.756481170654297,22.015460968017575,52.76835632324219,21.965478897094727,8.007340431213379,32.08731460571289,55.01765441894531,31.91237068176269,7.257574558258057,42.10918426513672,56.24227142333984,40.88456726074219,30.75023460388184,21.51561737060547,31.00015640258789,31.512495040893555,31.250078201293945,41.509376525878906,20.50343513488769,11.76866340637207,44.52093124389648,12.168538093566896,5.483129024505615,51.15635681152344,56.49219131469727,50.881446838378906,Normal-7608
207,31.5,10.993906021118164,31.5,52.00609588623047,10.750073432922363,21.502975463867188,50.73818206787109,20.52765655517578,7.994794845581055,31.573148727416992,51.98171615600586,30.50029945373535,7.238922119140625,41.59455871582031,54.24933242797852,41.4482650756836,31.743831634521484,20.99093246459961,31.987659454345703,30.98795890808105,31.231788635253903,41.009368896484375,19.50356674194336,11.28650188446045,41.49702835083008,10.750075340270996,6.4830498695373535,51.615966796875,54.4931640625,51.445289611816406,COVID-1970
658,31.5,12.993244171142578,31.5,50.00675582885742,15.262685775756836,21.55768585205078,51.27656173706055,21.53066635131836,12.993245124816896,31.500001907348636,53.00566101074219,31.581052780151367,11.750455856323242,40.46969985961914,54.76177597045898,40.63180160522461,31.25684356689453,21.989959716796875,32.01332473754883,31.01369285583496,31.770172119140625,40.01040649414063,22.503286361694336,12.750089645385742,45.52190399169922,12.371849060058594,9.508030891418455,49.412376403808594,54.51861953735352,49.628517150878906,Normal-9836
154,31.5,11.0,31.5,52.0,12.5,21.0,49.5,21.0,10.5,32.0,51.5,31.0,8.5,42.0,52.5,41.0,31.5,21.0,31.5,31.0,31.5,42.0,20.5,11.0,42.5,11.0,7.5,52.0,53.5,52.0,Normal-2575
504,31.5,11.993589401245115,31.5,51.00640869140625,11.737265586853027,21.503284454345703,51.775390625,22.47732353210449,7.994905471801758,31.60252952575684,55.03073120117188,32.39714050292969,5.252216815948486,41.67613983154297,56.26109313964844,41.36855316162109,31.756328582763672,21.99030303955078,31.01298141479492,32.01264953613281,31.269309997558597,42.009368896484375,21.50328826904297,12.24991512298584,42.52202224731445,12.711301803588867,2.509528636932373,51.749755859375,58.51676559448242,51.313995361328125,Normal-2865
709,31.5,9.85513973236084,31.5,53.14485931396485,13.112263679504396,20.80461883544922,46.35340881347656,20.64291763305664,10.8484468460083,31.615501403808597,50.16493988037109,31.15349578857422,8.584630012512207,42.42638397216797,50.88104248046875,42.310882568359375,31.222797393798828,20.897018432617188,30.945594787597656,31.93890380859375,30.78389358520508,41.98747634887695,23.43804168701172,9.924440383911133,39.56195831298828,9.785839080810549,9.300735473632812,53.583763122558594,51.597145080566406,53.46826171875,Viral Pneumonia-424
49,31.5,14.0,31.5,49.0,11.5,23.0,50.5,22.0,9.5,32.0,52.5,31.0,7.5,41.0,55.5,40.0,31.5,23.0,31.5,32.0,31.5,40.0,20.5,14.0,41.5,13.0,5.5,50.0,57.5,48.0,COVID-2174
238,31.5,12.44088077545166,31.5,50.559120178222656,9.200963020324709,22.22622299194336,54.2974853515625,21.675308227539062,7.915489196777344,31.355712890625,55.084510803222656,31.644290924072266,6.6300153732299805,40.485198974609375,54.795936584472656,40.69507598876953,31.29012680053711,22.488563537597656,31.00155258178711,31.539352416992188,30.712974548339844,40.59013748168945,14.474029541015623,12.7819242477417,46.53217697143555,12.257242202758787,5.423243522644043,50.61158752441406,54.586063385009766,50.74275970458984,Normal-9200
726,31.5,7.978733062744141,31.5,55.02126693725586,15.004290580749512,19.287647247314453,49.01606369018555,19.73405265808105,10.497730255126951,31.10674095153809,54.54297637939453,30.979196548461918,7.989361763000488,43.010860443115234,56.03099060058594,43.05337524414063,31.032339096069336,18.968788146972656,31.52125740051269,31.00045394897461,31.01108169555664,42.98960113525391,23.507234573364254,7.638615131378174,39.535282135009766,7.319754600524902,2.483705997467041,54.78743743896485,58.51810073852539,55.17007064819336,Viral Pneumonia-634
787,31.5,8.950055122375488,31.5,54.04994583129883,14.20505714416504,20.125247955322266,48.26279067993164,19.85917282104492,11.943410873413086,31.300443649291992,50.99007034301758,30.701770782470703,9.681764602661133,42.47563934326172,54.78165435791016,42.47563552856445,31.233924865722656,19.992210388183597,31.965633392333984,30.967845916748047,31.766075134277344,43.00778579711914,17.464488983154297,8.883536338806152,43.47342300415039,8.151826858520508,7.486637115478516,54.64861297607422,56.51114654541016,53.3847541809082,Viral Pneumonia-1255
445,31.5,13.493057250976562,31.5,49.50694274902344,14.72869110107422,21.962011337280277,47.77150344848633,23.0449275970459,10.980137825012209,31.069610595703125,50.020633697509766,31.98592185974121,8.23119831085205,40.14944076538086,52.26976776123047,40.92692184448242,30.750289916992188,22.517353057861328,31.000194549560547,31.51388359069824,31.25009536743164,40.51041412353516,22.50347137451172,13.742960929870604,39.49691390991211,13.270920753479004,6.48187255859375,49.20150375366211,54.51889801025391,49.86791610717773,COVID-3154
589,31.5,7.0,31.5,56.0,8.5,19.0,54.5,19.0,6.5,31.0,55.5,31.0,5.5,43.0,56.5,44.0,31.5,19.0,31.5,31.0,31.5,43.0,19.5,7.0,44.5,7.0,5.5,55.0,57.5,56.0,Normal-7178
550,31.5,4.981139183044434,31.5,58.01885986328125,11.02401065826416,17.21771240234375,54.03113555908203,17.83991241455078,9.534504890441896,30.17075729370117,54.50249862670898,31.867664337158203,9.00657844543457,44.16079711914063,54.01227951049805,44.85841751098633,32.00907516479492,18.009601593017578,31.518856048583984,31.000354766845703,31.028640747070312,43.99111175537109,20.507827758789062,4.566340446472168,45.52775192260742,4.509777069091797,7.517072677612305,57.11384201049805,55.5206413269043,57.92458724975586,Normal-5079
345,31.5,16.20294189453125,31.5,46.79705810546875,16.791290283203125,24.24370384216309,49.3465690612793,23.851470947265625,14.241779327392578,31.89223289489746,52.87665939331055,31.303884506225582,12.6728515625,39.34464263916016,56.60286331176758,39.73687744140625,32.088348388671875,24.24370384216309,31.5,31.500001907348636,32.088348388671875,39.54076385498047,24.243701934814453,15.614593505859377,42.678619384765625,16.006824493408203,11.103921890258787,46.797061920166016,58.17179489135742,47.58152389526367,Normal-1943
415,31.5,9.994186401367188,31.5,53.00581359863281,13.249119758605955,20.572723388671875,50.26236724853516,20.433225631713867,8.99445629119873,31.47675132751465,55.00527191162109,31.54650115966797,7.7389817237854,42.45052337646485,57.74871444702149,42.61327362060547,31.24425506591797,20.991214752197266,31.01176071166992,30.98851203918457,30.75601577758789,41.98553466796875,21.502704620361328,9.761691093444824,42.49702453613281,10.24993133544922,5.483777523040772,53.40105438232422,60.515411376953125,52.680320739746094,COVID-902
463,31.5,7.952175617218018,31.5,55.04782485961914,10.712515830993652,19.65177154541016,53.816287994384766,19.39697265625,6.954207420349121,31.436302185058597,57.10746383666992,30.629432678222656,4.193867206573486,43.28453063964844,59.33696746826172,42.79616165161133,31.79726791381836,18.99353790283203,32.03083419799805,31.032865524291992,31.266433715820312,43.00849533081055,22.51827812194824,7.3788743019104,39.547454833984375,7.463808059692383,4.42743444442749,55.32386016845703,60.568504333496094,54.89918899536133,Normal-599
61,31.5,13.99285888671875,31.5,49.00714111328125,16.73459815979004,22.417991638183597,45.77988815307617,23.58894157409668,12.993266105651855,31.5285587310791,49.03570175170898,32.499595642089844,11.222559928894045,39.58241653442383,52.2915153503418,41.41024017333984,31.75703811645508,22.989187240600582,31.014484405517575,32.01407623291016,31.271522521972656,41.01040267944336,23.503263473510746,14.221336364746094,38.49714279174805,13.792940139770508,9.480414390563965,48.6358642578125,52.54855346679688,50.40657043457031,COVID-1733
245,31.5,8.99444580078125,31.5,54.00555419921875,13.726612091064451,19.39187812805176,49.76216125488281,20.591583251953125,9.994199752807615,31.477783203125,52.00605010986328,31.54443359375,7.239325046539307,42.54171752929688,55.24969482421875,42.47506713867188,31.744384765625,19.991729736328125,30.989015579223636,31.011232376098636,31.255617141723636,43.00826644897461,17.481239318847656,8.305727005004883,41.497535705566406,8.77227783203125,5.4842023849487305,53.58343505859375,56.51605224609375,54.44989013671875,Viral Pneumonia-1092
763,31.5,3.9273681640625,31.5,59.0726318359375,11.462014198303224,17.50967788696289,49.57952117919922,17.273935317993164,9.449148178100586,31.400264739990234,51.62865447998047,30.457298278808597,7.436283111572266,45.29085159301758,53.605255126953125,44.63802719116211,31.55440139770508,16.965660095214844,31.53627014160156,31.00131607055664,31.51813507080078,45.0369758605957,17.46434211730957,3.909234523773194,46.605560302734375,3.020671844482422,5.423418045043945,59.181434631347656,56.65175628662109,57.89392852783203,Viral Pneumonia-989
358,31.5,23.851470947265625,31.5,39.148529052734375,22.08642578125,27.773794174194336,41.305809020996094,26.989330291748047,19.7330322265625,31.303884506225582,43.07085418701172,30.71553611755371,18.55633544921875,35.618438720703125,44.835899353027344,34.441741943359375,31.10776901245117,26.989330291748047,31.892230987548828,30.911651611328125,31.696117401123047,35.03009033203125,25.224285125732425,23.067007064819336,37.5796012878418,23.65535545349121,18.360219955444336,39.73687744140625,44.6397819519043,38.5601806640625,Normal-2881
748,31.5,7.978733062744141,31.5,55.02126693725586,12.007002830505373,19.16010284423828,50.0151596069336,19.776567459106445,9.498634338378906,31.06422615051269,53.54388427734375,30.936681747436523,6.990265846252441,42.96834564208984,55.03189849853516,43.010860443115234,31.032339096069336,18.968788146972656,31.521255493164062,31.00045394897461,31.01108169555664,42.98960113525391,20.50994682312012,7.51107120513916,42.53256988525391,7.447299003601074,6.48008918762207,54.957496643066406,54.52172088623047,55.0000114440918,Viral Pneumonia-797
487,31.5,13.5,31.5,49.5,12.5,21.5,50.5,22.5,9.5,30.5,52.5,31.5,6.5,40.5,54.5,40.5,31.5,22.5,31.5,31.5,31.5,40.5,21.5,12.5,43.5,13.5,4.5,49.5,55.5,50.5,Normal-1979
716,31.5,7.370141983032227,31.5,55.629859924316406,15.233844757080078,18.7460880279541,49.36168670654297,19.284839630126957,11.897729873657228,31.46891593933105,51.10226821899414,31.53108024597168,9.65983772277832,43.30073547363281,52.84285354614258,43.777320861816406,32.24596405029297,19.512775421142575,31.99731063842773,31.55180549621582,31.748653411865234,43.59082794189453,22.444828033447266,7.432304382324219,42.54440689086914,7.515190124511719,7.318340301513672,56.12716674804688,53.58881759643555,55.919952392578125,Viral Pneumonia-501
134,31.5,12.5,31.5,50.5,14.5,21.5,48.5,21.5,12.5,31.5,49.5,31.5,12.5,40.5,50.5,40.5,31.5,21.5,31.5,31.5,31.5,40.5,21.5,12.5,40.5,12.5,10.5,50.5,51.5,50.5,Normal-4178
277,31.5,13.88608741760254,31.5,49.113914489746094,14.354464530944824,22.998199462890625,48.58876037597656,22.884653091430664,12.33901309967041,31.82644844055176,50.66098403930664,31.173555374145508,11.317092895507812,40.76824188232422,52.61966323852539,40.45598602294922,31.47161293029785,22.941425323486328,31.443225860595703,31.996767044067383,31.414838790893555,41.05210876464844,21.45112609863281,13.744153022766112,40.55533981323242,13.914474487304688,10.295173645019531,49.71003723144531,53.584808349609375,49.6248779296875,COVID-2025
104,31.5,13.493057250976562,31.5,49.50694274902344,10.758000373840332,23.072694778442383,50.74257659912109,21.962011337280277,9.008675575256348,32.124759674072266,53.99132537841797,30.87524032592773,6.259736061096191,41.20458984375,55.2408447265625,39.8440055847168,30.750289916992188,22.517353057861328,31.000194549560547,31.51388359069824,31.25009536743164,40.51041412353516,21.503856658935547,13.770727157592772,40.49652862548828,13.243152618408203,4.510410785675049,50.25665283203125,57.51774215698242,49.78461456298828,Normal-3583
467,31.5,4.957582473754883,31.5,58.04241561889648,9.685861587524414,18.7468318939209,51.78828048706055,18.125185012817383,6.954384803771973,31.61302757263184,54.04881286621094,31.27394676208496,6.2197113037109375,44.592247009277344,54.25602722167969,45.308082580566406,30.76532554626465,17.93680763244629,30.9725399017334,31.970945358276367,31.236270904541016,45.00667953491211,23.456270217895508,5.503877639770508,38.48881149291992,5.353176116943359,5.485038757324219,57.57147216796875,54.51975631713867,58.34382247924805,Normal-922
57,31.5,12.892207145690918,31.5,50.107791900634766,15.350854873657228,21.67884826660156,49.58382415771485,22.001293182373047,11.347156524658203,31.164119720458984,53.641258239746094,31.62091827392578,8.337664604187012,40.54190826416016,56.70449066162109,41.3480224609375,31.47313117980957,21.94755172729492,31.553741455078125,31.99710464477539,31.526870727539062,41.05244827270508,23.438861846923828,12.757854461669922,39.56114196777344,13.026558876037598,6.322380065917969,49.81221389770508,59.767723083496094,51.07512664794922,COVID-881
781,31.5,6.9796013832092285,31.5,56.0203971862793,16.981475830078125,19.3978328704834,47.99646759033203,19.662918090820312,12.495415687561035,31.224721908569336,51.50374984741211,31.816068649291992,10.0076904296875,43.13317489624024,54.01186752319336,43.92842864990234,32.00978088378906,19.010400772094727,31.4796085357666,31.99958610534668,30.990219116210938,43.98960113525391,23.506654739379883,6.653342723846436,43.49001693725586,7.468989849090576,5.521630764007568,54.96005630493164,55.52081298828125,56.00000762939453,Viral Pneumonia-1204
506,31.5,5.995098114013672,31.5,57.00490188598633,10.73928451538086,18.40447807312012,51.75101089477539,18.60051918029785,7.994714260101318,31.460792541503903,54.00547790527344,31.558815002441406,5.250144004821777,44.51710891723633,57.2597541809082,44.49750518798828,31.754852294921875,18.992599487304688,32.00970458984375,31.99010467529297,31.26475143432617,45.00720977783203,22.50172996520996,6.171535491943359,39.49846267700195,5.838266372680664,5.5049967765808105,57.514610290527344,57.51460647583008,57.4950065612793,Normal-2876
307,31.5,2.995613574981689,31.5,60.00438690185547,9.748961448669434,17.379365921020508,51.74250030517578,16.642637252807617,7.994845390319824,31.412296295166016,53.987770080566406,30.60540008544922,5.258424282073975,46.46261215209961,56.250579833984375,45.56801223754883,30.74573135375977,17.011001586914062,30.99130630493164,31.00885009765625,31.254425048828125,46.00654220581055,19.50184631347656,3.2061080932617188,44.49800109863281,2.767578601837158,3.504308223724365,60.49553680419922,58.49584579467773,59.5307731628418,Normal-9875
523,31.5,9.494319915771484,31.5,53.50568008422852,12.7321195602417,19.923444747924805,50.74502944946289,20.05977249145508,10.982571601867676,30.966045379638672,53.99419021606445,30.98876953125,10.232765197753906,41.98592758178711,54.24412536621094,41.98592758178711,31.749935150146484,20.491479873657227,31.99987030029297,31.48863983154297,32.24980545043945,42.48579788208008,23.47934341430664,8.676349639892578,41.49741744995117,9.267105102539062,11.482441902160645,52.96036911010742,53.49431991577149,53.00580978393555,Normal-3776
412,31.5,8.494566917419434,31.5,54.50543212890625,7.244860649108887,19.970115661621094,54.2554931640625,19.991851806640625,5.984289169311523,31.94554901123047,56.01594543457031,31.03272247314453,3.745687961578369,42.89947891235352,55.7551383972168,43.02988052368164,31.26092529296875,19.49197006225586,31.000118255615234,31.4891357421875,31.739072799682617,43.50802993774414,19.50283432006836,8.233758926391602,43.51889801025391,7.755610466003418,2.4851162433624268,54.874908447265625,56.49409484863281,55.04878234863281,COVID-799
680,31.5,4.924636363983154,31.5,58.07536315917969,13.456974029541016,18.32050132751465,50.57781982421875,18.5274600982666,10.446666717529297,31.584665298461918,53.55049896240234,31.34007835388184,9.43068790435791,44.69831466674805,55.5260124206543,44.22795104980469,31.481185913085938,17.96302604675293,31.537628173828125,31.99858283996582,31.518814086914062,45.0369758605957,20.45593643188477,4.755306243896484,41.54690170288086,5.169223308563232,9.411873817443848,57.7367057800293,56.579620361328125,58.18825149536133,Viral Pneumonia-135
712,31.5,6.979599952697754,31.5,56.02040100097656,11.96524429321289,18.786094665527344,49.01602554321289,19.275484085083008,9.457128524780272,30.89845848083496,53.5020866394043,31.102371215820312,5.949845314025879,43.051605224609375,56.03059387207031,44.00999069213867,30.990219116210938,19.01039695739746,31.47960662841797,31.000415802001957,30.96982955932617,43.03121566772461,20.509151458740234,7.428205490112305,39.49334335327149,6.6533403396606445,4.440897464752197,55.12318801879883,59.517486572265625,55.877662658691406,Viral Pneumonia-444
697,31.5,4.481489181518555,31.5,58.51850891113281,13.993485450744627,17.842700958251953,50.00583267211914,18.175806045532227,10.477376937866213,31.722070693969727,53.52193832397461,31.314943313598636,9.996225357055664,44.71316146850586,53.00377655029297,45.30534744262695,31.018848419189453,17.472583770751953,31.5,31.500001907348636,30.981836318969727,45.49040603637695,21.506851196289062,4.111372947692871,42.52947616577149,3.889302968978882,9.47806167602539,58.70357131958008,54.4842414855957,59.36977767944336,Viral Pneumonia-263
285,31.5,11.0,31.5,52.0,12.5,21.0,50.5,22.0,9.5,31.0,53.5,32.0,6.5,41.0,55.5,42.0,31.5,21.0,31.5,32.0,31.5,42.0,19.5,11.0,43.5,11.0,6.5,52.0,56.5,53.0,Viral Pneumonia-101
35,31.5,11.5,31.5,51.5,13.5,21.5,46.5,21.5,10.5,31.5,49.5,31.5,9.5,41.5,51.5,41.5,31.5,21.5,31.5,31.5,31.5,41.5,23.5,11.5,39.5,11.5,8.5,51.5,53.5,51.5,COVID-1907
442,31.5,13.472244262695312,31.5,49.52775573730469,15.968396186828612,22.34744644165039,47.03160858154297,22.62479782104492,13.472246170043944,31.5,50.581687927246094,32.442989349365234,13.971475601196287,40.48614501953125,51.02545166015625,40.43067169189453,31.99923324584961,22.458385467529297,31.5,31.5,31.999229431152344,40.48614501953125,24.510778427124023,13.860533714294434,39.54315948486328,14.026944160461426,13.472245216369627,49.52775573730469,51.58014678955078,50.41527557373047,COVID-3087
223,31.5,4.995285987854004,31.5,58.00471496582031,12.258142471313477,17.63454818725586,50.27024459838867,17.351577758789062,7.994750022888184,31.55659484863281,55.0052490234375,31.443408966064453,5.749866962432861,44.51655197143555,56.7596549987793,44.47882080078125,31.2547607421875,17.99297332763672,31.009521484375,30.990657806396484,30.745418548583984,44.98816680908203,19.50213623046875,4.768910884857178,44.51655197143555,4.240703582763672,4.504805564880371,57.4953727722168,57.51423645019531,57.49537658691406,Viral Pneumonia-217
673,31.5,8.911285400390625,31.5,54.088714599609375,8.391115188598633,20.00089454650879,52.6610107421875,21.085508346557617,6.376834392547607,31.22331428527832,57.619239807128906,31.68814849853516,5.358626842498779,42.3571891784668,57.59710311889648,42.73348617553711,31.56640625,20.95269775390625,31.544269561767575,31.99803733825684,31.52213287353516,43.04337692260742,18.462514877319336,9.06623077392578,45.62209701538086,9.663874626159668,4.340419292449951,53.49106597900391,58.65958023071289,54.68635559082031,Viral Pneumonia-73
41,31.5,11.40024757385254,31.5,51.599754333496094,13.390323638916016,21.64912986755371,50.604713439941406,21.35061836242676,10.40521240234375,31.40049362182617,51.59975051879883,31.499998092651367,10.405211448669434,41.45037460327149,53.58982467651367,41.74888610839844,31.5,21.450122833251957,31.5,31.499998092651367,31.5,41.54987716674805,24.43523597717285,11.69875717163086,39.460296630859375,12.196277618408203,7.420100212097168,51.20174026489258,55.67940139770508,51.00272750854492,COVID-2948
359,31.5,20.893400192260746,31.5,42.10659790039063,20.04486846923828,25.560304641723636,45.35929107666016,25.984567642211918,16.93360137939453,32.06568908691406,48.18771743774414,31.641420364379883,15.660808563232422,37.29827117919922,50.02619552612305,37.439697265625,31.21715545654297,25.984569549560547,31.075733184814453,32.06568145751953,31.78284072875977,37.01543426513672,25.418880462646484,20.751977920532227,39.56101608276367,20.751977920532227,13.398067474365234,42.67228698730469,50.73330307006836,42.389442443847656,Normal-3351
732,31.5,7.4531707763671875,31.5,55.54682922363281,15.718294143676758,19.4921817779541,45.784629821777344,19.36742401123047,11.97559642791748,31.28167724609375,50.02635192871094,31.655948638916016,9.168573379516602,44.13160705566406,53.27002334594727,43.8820915222168,31.749513626098636,19.4921817779541,31.000974655151367,31.46881103515625,31.250486373901367,43.50782012939453,22.45514869689941,7.889819145202637,40.54485321044922,7.016522407531738,7.421981811523437,56.045860290527344,54.5175895690918,55.98347854614258,Viral Pneumonia-679
714,31.5,11.475014686584473,31.5,51.52498626708984,15.969400405883787,21.26278686523437,49.02810287475586,21.612350463867188,11.475015640258787,31.5,52.523738861083984,31.450061798095703,8.978134155273438,41.63733673095703,55.0206184387207,41.33771133422852,31.00062561035156,21.51247787475586,31.5,31.5,31.00062561035156,41.5374641418457,21.512475967407227,11.974390983581545,40.5387077331543,12.024328231811523,6.4812541007995605,51.77467346191406,55.56993103027344,52.3239860534668,Viral Pneumonia-456
592,31.5,11.475014686584473,31.5,51.52498626708984,14.97064971923828,21.312725067138672,47.97941207885742,20.663536071777344,12.473767280578612,31.450061798095703,51.47504806518555,30.50124740600586,9.976887702941896,41.587398529052734,52.973175048828125,40.43883514404297,31.000621795654297,21.51247787475586,31.5,31.5,31.99937438964844,41.48752212524414,22.461292266845703,10.925701141357422,39.49001693725586,11.07551383972168,8.478758811950684,51.674800872802734,55.47005462646485,50.32648468017578,Normal-7332
108,31.5,12.49342155456543,31.5,50.5065803527832,13.2431640625,22.016441345214844,50.25666427612305,21.990135192871094,11.007095336914062,30.960712432861328,51.99290466308594,32.03928756713867,7.7450666427612305,40.87833404541016,54.75510787963867,41.11509323120117,31.23693084716797,22.489959716796875,31.99982452392578,31.513153076171875,31.76306533813477,40.510040283203125,21.503461837768555,12.230354309082031,43.49584579467773,12.809101104736328,6.508652687072754,49.848915100097656,56.49134826660156,51.16424560546875,Normal-4185
