0,31,8,32,61,10,22,52,21,8,35,55,34,5,48,57,47,31,21,31,34,31,48,20,8,45,8,4,61,58,60,COVID-35
1,33,4,34,58,6,18,61,17,4,32,62,30,3,45,61,44,33,17,33,31,34,45,20,4,48,3,3,59,62,58,COVID-54
2,36,2,34,52,16,14,51,15,13,27,53,28,13,39,53,40,35,15,35,27,34,40,26,2,44,3,12,52,52,53,COVID-73
3,33,16,31,56,16,25,51,27,12,34,54,37,9,44,55,47,33,26,32,36,31,46,24,15,44,16,7,54,56,57,COVID-148
4,30,10,32,51,13,21,45,20,11,31,48,30,10,42,49,40,31,20,31,31,31,41,21,10,36,10,11,52,50,51,COVID-194
5,35,3,32,53,11,14,58,17,8,26,59,30,5,38,61,42,34,15,33,28,32,40,19,2,53,4,1,50,62,55,COVID-207
6,32,3,30,51,8,14,57,16,4,26,60,28,2,38,61,40,32,15,31,27,31,39,17,3,49,4,2,50,62,52,COVID-292
7,35,7,36,39,22,15,50,15,19,23,53,22,18,31,54,30,36,15,36,23,36,31,28,8,44,7,17,39,56,38,COVID-308
8,36,5,33,44,14,14,53,16,10,23,56,26,8,33,56,36,35,15,34,25,34,34,24,4,44,6,7,42,56,46,COVID-334
9,32,4,31,57,10,16,53,17,8,30,55,31,6,43,56,44,32,17,32,30,31,44,22,3,44,4,4,56,58,58,COVID-428
10,30,2,29,40,12,11,48,12,9,20,50,22,8,30,50,31,30,12,29,21,29,30,21,2,41,3,7,39,50,41,COVID-498
11,32,5,30,57,10,17,55,19,6,30,58,32,3,43,60,45,31,18,31,31,30,44,20,4,46,5,2,56,61,58,COVID-567
12,31,8,32,54,7,20,54,19,6,32,56,30,4,43,56,42,31,19,31,31,32,43,19,8,43,7,3,55,57,54,COVID-799
13,30,11,31,48,12,21,47,20,10,30,50,29,9,39,51,38,31,20,31,30,31,39,20,12,41,11,7,48,53,48,COVID-841
14,34,11,34,47,19,20,50,20,17,29,52,29,15,38,54,38,34,20,34,29,34,38,26,11,42,10,14,47,55,47,COVID-847
15,29,6,30,49,11,17,48,16,7,28,53,27,6,39,56,38,29,17,29,27,29,38,19,6,40,6,4,50,59,48,COVID-902
16,28,5,33,52,7,20,50,14,4,32,54,26,3,44,56,37,29,17,31,29,32,40,19,6,39,4,3,56,59,49,COVID-1159
17,35,4,32,52,12,15,58,18,7,26,60,30,5,38,60,42,34,16,33,28,32,40,24,4,49,5,2,50,62,54,COVID-1233
18,27,3,33,60,1,20,56,14,0,35,58,28,2,49,58,43,28,17,30,31,32,46,13,4,40,1,3,63,61,57,COVID-1268
19,33,4,34,45,16,15,50,14,14,25,53,24,13,35,54,34,33,14,33,25,34,35,27,4,39,4,14,45,54,44,COVID-1313
20,28,11,27,58,8,22,47,23,6,34,48,35,5,45,49,46,28,22,28,34,28,46,15,10,42,11,4,57,48,58,COVID-1328
21,35,6,33,42,19,14,52,16,17,23,54,26,15,32,56,35,35,15,34,24,33,33,27,6,46,7,13,41,58,44,COVID-1397
22,33,11,33,55,14,22,53,22,13,33,54,33,13,44,55,44,33,22,33,33,33,44,22,11,47,11,11,54,57,55,COVID-1522
23,31,5,33,62,7,20,56,18,4,34,59,32,3,48,60,46,31,19,32,33,32,47,17,5,45,4,2,63,62,60,COVID-1533
24,24,16,30,47,4,28,43,20,2,37,48,27,1,45,51,34,26,24,27,32,29,39,11,19,36,14,0,53,54,42,COVID-1559
25,29,4,31,43,11,15,48,13,7,25,52,22,6,35,55,32,29,14,30,24,31,34,17,5,40,4,5,45,57,42,COVID-1589
26,34,8,33,51,11,18,55,19,8,29,58,30,5,40,60,41,33,19,33,30,33,40,20,8,48,8,2,51,61,52,COVID-1678
27,28,10,30,48,13,20,45,19,10,30,48,28,8,39,51,37,29,20,29,29,30,38,18,11,39,10,6,49,53,46,COVID-1727
28,34,3,32,37,20,10,48,12,15,18,51,21,13,27,52,30,34,11,33,20,33,28,27,2,42,3,11,35,52,38,COVID-1753
29,31,8,32,53,12,20,51,19,10,31,53,30,9,42,54,42,32,19,32,31,32,42,19,8,44,8,8,54,54,53,COVID-1886
30,32,9,33,48,12,19,54,18,8,29,57,28,6,38,59,38,32,19,32,28,33,38,20,9,46,9,5,48,61,48,COVID-2072
31,30,13,37,53,14,26,50,20,13,36,53,30,14,47,56,40,32,23,33,33,35,43,21,14,42,11,13,57,60,49,COVID-2077
32,24,7,21,36,10,13,36,15,9,20,38,23,8,28,37,30,23,14,22,22,22,29,16,6,33,8,9,35,37,38,COVID-2217
33,26,8,26,51,6,19,48,19,4,29,50,30,2,40,52,40,26,19,26,30,26,40,16,8,41,8,1,50,53,51,COVID-2238
34,28,9,32,52,14,21,45,18,13,32,46,29,13,42,47,39,29,20,30,30,31,41,19,10,39,8,12,53,49,50,COVID-2243
35,29,11,30,52,12,22,46,21,11,32,48,32,11,42,49,42,29,22,29,32,29,42,20,11,39,11,8,52,51,52,COVID-2255
36,32,4,32,52,14,16,49,16,13,28,51,28,12,40,52,40,32,16,32,28,32,40,22,4,43,4,12,52,52,52,COVID-2542
37,33,7,33,45,18,16,48,16,14,26,51,26,12,35,53,35,33,16,33,26,33,35,24,7,41,7,9,45,56,45,COVID-2606
38,34,10,34,54,15,21,53,21,14,32,55,32,14,43,57,43,34,21,34,32,34,43,21,10,48,10,12,54,58,54,COVID-2793
39,37,11,36,56,21,21,54,22,18,33,54,34,18,44,55,45,37,22,36,33,36,44,28,10,48,11,17,55,56,56,COVID-2829
40,34,7,34,43,16,15,53,16,14,24,54,25,14,33,54,34,34,16,34,25,34,34,23,7,47,7,12,42,55,43,COVID-2887
41,30,6,34,41,14,17,48,13,12,26,52,21,11,34,55,30,31,15,32,24,33,32,19,7,40,5,9,43,58,38,COVID-2977
42,32,6,30,42,16,14,47,16,13,23,50,26,13,32,50,34,32,15,31,24,31,33,25,6,40,7,12,41,50,44,COVID-3087
43,31,9,32,43,12,18,53,17,9,26,56,25,7,35,57,34,31,17,31,26,31,34,19,9,47,8,6,44,60,43,COVID-3099
44,29,7,29,38,12,15,45,15,10,23,48,22,8,30,50,30,29,15,29,23,29,30,20,7,38,7,8,38,51,38,COVID-3136
45,34,10,33,46,17,18,50,20,13,27,52,29,10,36,54,38,33,19,33,28,33,37,25,10,42,10,8,45,56,47,COVID-3154
46,34,8,33,58,12,20,56,20,10,32,57,33,8,45,58,46,34,20,34,33,33,45,22,7,50,8,6,58,60,58,COVID-3200
47,35,7,35,36,15,14,54,14,13,21,56,22,13,29,57,29,35,14,35,22,35,29,22,7,47,7,12,36,57,37,COVID-3218
48,34,10,36,45,17,20,50,18,16,29,52,26,14,38,55,35,34,19,35,28,36,36,22,11,42,10,12,47,58,43,COVID-3399
49,33,11,34,48,15,21,52,20,12,30,55,29,12,39,56,38,33,20,34,30,34,39,22,12,44,11,11,49,57,47,COVID-3492
50,34,8,34,45,14,17,53,18,12,26,55,27,10,35,57,36,34,17,34,27,34,36,21,8,46,8,8,45,59,46,COVID-3576
51,27,7,27,42,9,16,45,15,8,25,46,24,7,34,47,33,27,16,27,24,27,33,17,7,37,7,6,43,49,42,COVID-3606
52,31,12,33,50,14,22,49,20,11,31,53,30,10,41,55,39,32,21,32,30,32,40,22,12,39,11,9,50,56,49,Normal-66
53,31,7,33,54,15,19,51,18,10,31,55,30,9,43,57,42,32,19,32,31,32,42,23,7,39,6,9,55,57,54,Normal-102
54,31,16,32,53,18,25,48,24,15,35,51,33,13,44,53,43,31,25,32,34,32,43,24,16,39,15,11,53,54,52,Normal-105
55,29,12,32,52,12,23,49,20,10,34,53,30,8,44,55,40,30,22,31,32,32,42,20,13,39,11,8,54,56,50,Normal-173
56,30,11,33,51,15,22,47,20,12,33,52,30,10,43,54,40,31,21,32,31,32,41,21,12,38,10,8,53,58,49,Normal-181
57,34,7,32,54,15,18,49,19,11,29,54,31,9,41,56,43,34,18,33,30,33,42,28,6,40,7,7,53,57,55,Normal-185
58,29,8,31,48,13,19,46,17,8,29,52,27,7,40,53,37,30,18,30,28,31,38,21,8,37,7,6,50,55,47,Normal-346
59,31,10,34,60,15,23,50,21,12,36,56,34,11,48,57,46,32,22,32,35,33,48,23,10,41,9,11,61,58,59,Normal-409
60,30,17,33,50,14,26,47,23,10,35,52,31,9,43,55,39,30,25,31,33,32,41,22,17,38,16,8,52,56,47,Normal-415
61,33,11,32,56,14,22,51,23,10,33,56,34,8,44,57,46,33,22,32,34,32,45,24,11,42,11,7,55,58,57,Normal-467
62,32,10,32,54,16,20,48,21,12,31,52,32,10,42,54,43,32,21,32,32,32,42,25,10,40,10,8,53,56,54,Normal-545
63,30,5,33,52,10,18,53,15,7,30,57,26,5,42,60,38,31,16,32,28,32,40,21,5,38,4,6,54,62,50,Normal-599
64,32,6,31,54,13,17,48,18,9,30,52,30,7,42,54,42,31,18,31,30,31,42,22,5,38,6,4,54,56,55,Normal-789
65,31,8,32,54,11,20,53,18,10,31,55,30,8,43,56,42,31,19,32,31,32,42,22,8,41,7,7,54,57,53,Normal-829
66,33,15,32,54,15,24,49,24,11,34,52,34,10,43,53,44,33,24,32,34,32,44,24,14,41,15,9,53,52,54,Normal-882
67,31,7,34,60,10,22,52,19,8,35,55,32,8,48,56,46,31,20,32,34,33,47,23,8,38,7,8,61,57,59,Normal-922
68,37,13,32,52,18,20,52,25,12,30,57,36,9,39,58,46,36,23,34,33,33,42,29,12,45,14,5,49,57,55,Normal-976
69,30,15,32,52,11,25,48,23,8,35,53,32,8,44,54,41,30,24,31,33,31,42,18,16,41,15,6,53,57,50,Normal-1023
70,32,9,31,59,12,20,52,22,8,33,56,35,6,46,57,47,32,21,31,34,31,46,24,8,40,9,7,58,57,60,Normal-1061
71,33,12,31,54,14,22,50,23,11,32,54,34,8,42,55,44,32,22,32,33,31,43,21,12,44,12,7,53,55,55,Normal-1109
72,29,10,33,58,9,24,52,21,8,36,56,32,8,48,57,44,30,22,31,34,32,46,21,11,37,10,8,60,58,56,Normal-1227
73,32,10,33,55,10,21,50,21,7,32,54,32,6,44,57,43,32,21,32,32,32,43,23,10,40,10,6,55,59,54,Normal-1354
74,31,14,31,55,12,24,51,24,10,34,54,34,8,44,56,44,31,24,31,34,31,44,23,14,39,14,6,55,58,54,Normal-1379
75,30,6,32,47,13,17,50,15,10,27,52,26,8,37,54,36,31,16,31,26,31,36,22,6,38,6,8,48,55,46,Normal-1430
76,37,7,36,50,18,18,55,18,17,28,58,29,16,39,58,40,37,18,37,29,36,39,29,7,45,8,14,50,59,51,Normal-1460
77,33,7,34,51,12,19,54,18,11,30,57,29,9,41,59,40,33,18,33,29,34,40,25,7,41,7,8,52,59,51,Normal-1472
78,31,8,31,38,13,16,50,16,10,23,52,23,7,30,53,31,31,16,31,23,31,31,23,8,39,8,5,38,55,38,Normal-1483
79,29,4,25,55,10,15,46,18,8,28,46,31,7,41,44,44,28,17,27,30,26,42,21,3,37,5,5,53,44,56,Normal-1487
80,29,11,29,41,13,18,45,18,10,26,49,26,8,34,50,34,29,18,29,26,29,34,21,11,37,11,8,41,51,41,Normal-1500
81,31,6,31,57,10,19,53,19,7,31,55,31,5,44,57,44,31,19,31,31,31,44,23,6,39,6,5,57,56,56,Normal-1582
82,32,7,33,47,13,18,50,17,12,28,53,27,10,38,56,36,32,17,32,27,32,37,24,8,40,7,8,48,58,46,Normal-1657
83,33,11,32,50,14,20,54,21,12,30,56,31,10,40,57,41,33,21,32,31,32,40,24,11,44,11,8,49,59,51,Normal-1675
84,34,9,32,46,17,17,51,19,14,26,52,28,13,36,53,38,33,18,33,27,32,37,26,8,42,9,11,45,54,47,Normal-1704
85,31,7,31,50,11,18,50,18,9,29,53,28,7,40,55,39,31,18,31,29,31,40,23,7,39,7,6,51,56,50,Normal-1776
86,31,9,30,40,14,16,48,17,12,24,50,25,10,32,50,32,31,16,30,24,30,32,24,8,41,9,8,39,52,40,Normal-1820
87,33,5,33,41,14,13,52,14,11,22,54,23,8,32,56,32,33,14,33,23,33,32,23,4,45,5,6,41,57,42,Normal-1979
88,32,6,31,53,11,17,53,18,9,29,54,29,8,41,55,41,32,18,31,29,31,41,23,6,42,6,9,52,54,53,Normal-2072
89,37,12,37,50,19,21,54,22,17,31,57,31,15,40,58,40,37,21,37,31,37,40,29,12,45,12,15,50,59,50,Normal-2123
90,31,10,32,46,11,19,53,18,8,28,55,28,6,38,58,37,31,19,32,28,32,37,22,10,46,9,6,47,60,46,Normal-2182
91,32,11,32,48,14,20,49,20,13,29,50,30,12,38,53,39,32,20,32,30,32,39,24,10,41,11,11,48,55,49,Normal-2215
92,34,7,31,30,17,11,49,14,15,17,51,21,13,22,52,27,33,13,32,19,32,25,26,6,42,8,12,28,51,33,Normal-2248
93,33,8,33,48,12,18,54,18,8,28,58,28,6,38,60,38,33,18,33,28,33,38,22,8,44,8,4,48,62,47,Normal-2299
94,31,8,31,47,12,18,50,18,10,27,52,28,7,37,55,37,31,18,31,27,31,37,22,8,42,8,4,46,58,47,Normal-2372
95,33,11,31,49,15,19,51,21,11,29,52,30,10,38,53,40,32,20,32,30,32,39,25,10,43,11,9,48,53,50,Normal-2510
96,32,8,32,46,11,18,52,17,9,27,55,27,8,37,58,36,32,18,32,27,32,36,22,8,40,8,6,46,60,46,Normal-2545
97,34,8,34,46,15,17,54,18,14,27,55,27,13,36,56,37,34,17,34,27,34,37,24,7,46,8,11,46,58,47,Normal-2553
98,33,4,32,54,14,16,52,16,12,29,54,29,11,41,54,42,33,16,33,29,32,42,22,3,44,4,8,54,56,55,Normal-2576
99,32,11,32,53,10,22,53,22,9,32,55,32,8,43,57,43,32,22,32,32,32,43,22,11,43,11,5,53,61,53,Normal-2603
100,32,10,35,49,15,21,51,18,12,31,55,28,11,41,57,37,33,20,34,29,34,39,24,11,40,10,10,50,60,47,Normal-2690
101,32,4,32,61,13,18,51,18,10,32,54,32,5,47,58,46,32,18,32,32,32,46,24,4,41,3,2,61,60,60,Normal-2807
102,33,8,33,51,11,19,54,19,10,30,56,29,6,41,58,40,33,19,33,30,33,40,20,8,46,8,5,52,60,51,Normal-2827
103,32,4,31,43,10,13,55,15,7,23,57,24,5,32,58,34,32,14,32,24,32,33,24,4,43,5,4,42,58,44,Normal-2840
104,33,13,32,52,13,22,53,24,9,32,56,34,6,42,57,43,33,23,32,33,32,43,23,13,44,14,3,52,59,53,Normal-2865
105,32,16,26,52,16,22,46,27,12,31,48,37,9,40,48,46,30,25,29,34,28,43,24,15,40,17,8,49,47,55,Normal-2872
106,31,7,30,58,10,19,51,20,7,32,53,33,4,45,56,46,31,20,31,33,30,46,22,7,39,7,4,58,56,59,Normal-2876
107,31,7,30,56,16,19,49,20,12,31,51,32,10,43,52,44,31,19,31,32,30,44,25,7,42,7,8,55,53,57,Normal-3043
108,31,9,30,50,11,19,50,19,8,29,52,30,6,39,54,40,30,19,30,29,30,40,19,9,41,9,4,50,57,50,Normal-3059
109,33,9,32,46,14,18,54,19,12,27,56,28,10,36,57,37,33,18,33,28,32,37,24,9,45,10,7,45,59,47,Normal-3145
110,33,3,31,50,11,14,54,15,10,26,54,27,10,37,54,39,32,15,32,26,31,38,24,2,46,3,9,49,54,51,Normal-3173
111,32,8,32,43,14,17,51,17,12,26,53,26,11,34,54,35,32,17,32,26,32,34,24,8,42,8,10,43,55,44,Normal-3177
112,32,8,32,49,14,18,49,18,12,28,52,29,11,38,54,39,32,18,32,28,32,39,24,8,40,8,10,49,56,49,Normal-3204
113,32,9,32,53,12,20,53,19,9,31,56,30,7,42,59,41,32,20,32,31,32,42,24,9,40,9,5,53,61,52,Normal-3270
114,32,6,30,52,12,16,52,18,10,28,54,30,7,39,55,41,32,18,31,29,31,40,22,6,41,7,6,51,55,53,Normal-3297
115,32,11,29,55,12,21,51,23,10,32,53,34,8,42,55,45,31,22,30,33,30,44,21,10,43,12,5,53,56,56,Normal-3488
116,32,6,32,46,16,16,49,16,14,26,51,26,13,36,53,36,32,16,32,26,32,36,26,6,39,6,12,46,56,46,Normal-3529
117,33,8,33,54,13,19,54,20,11,31,57,31,9,42,58,43,33,19,33,31,33,42,24,8,43,8,7,54,59,54,Normal-3566
118,33,8,32,44,14,16,50,18,12,26,52,27,10,34,53,36,33,17,32,26,32,35,25,8,41,8,10,43,54,45,Normal-3580
119,32,9,31,44,10,17,52,18,9,26,54,27,7,35,54,36,32,18,32,27,31,36,22,9,42,9,6,44,55,45,Normal-3602
120,34,8,32,54,13,19,54,20,10,30,55,32,8,42,58,43,33,20,33,31,32,42,24,8,47,9,5,53,59,55,Normal-3604
121,31,4,32,47,14,15,48,14,12,26,51,25,11,37,53,36,32,15,32,26,32,36,23,4,38,4,10,48,55,47,Normal-3691
122,33,7,32,57,10,19,55,20,7,32,57,32,5,44,60,45,32,20,32,32,32,44,23,7,43,7,6,56,58,57,Normal-3716
123,33,11,32,55,14,21,52,22,12,32,55,33,11,43,55,44,33,22,33,33,33,44,25,10,43,11,12,54,54,55,Normal-3776
124,35,12,32,62,17,24,53,26,13,36,54,38,11,48,54,51,34,25,34,37,33,49,28,12,46,13,9,60,54,63,Normal-3811
125,32,5,32,48,15,15,49,16,14,26,50,26,13,37,50,37,32,15,32,26,32,37,26,5,40,5,10,47,52,48,Normal-3873
126,31,9,31,44,12,17,50,18,9,26,52,26,8,35,53,35,31,18,31,26,31,35,19,8,43,9,6,44,54,44,Normal-4010
127,33,6,34,47,14,17,53,16,13,27,55,26,11,38,57,36,33,17,33,27,33,37,23,7,45,6,10,48,58,47,Normal-4033
128,34,8,32,48,15,17,53,19,12,27,54,29,11,37,54,39,33,18,33,28,32,38,24,7,45,8,9,47,56,49,Normal-4120
129,32,7,31,46,13,16,53,17,11,26,54,27,9,36,55,37,32,17,32,27,32,36,24,7,43,7,7,46,57,47,Normal-4208
130,29,12,29,47,8,20,50,21,6,29,51,30,5,38,52,38,29,21,29,30,29,38,19,12,40,12,4,47,53,47,Normal-4262
131,33,8,32,48,13,17,52,18,11,28,54,28,9,38,55,39,33,18,33,28,32,38,22,7,45,8,9,48,55,49,Normal-4284
132,32,2,32,39,14,11,50,11,13,21,52,20,12,30,53,30,32,11,32,21,32,30,25,2,42,2,12,40,54,39,Normal-4310
133,34,7,34,43,16,16,53,16,12,25,58,25,10,34,60,34,34,16,34,25,34,34,24,7,44,7,8,43,62,43,Normal-4376
134,28,7,28,48,10,18,47,17,9,28,48,27,8,38,50,38,28,18,28,28,28,38,20,7,37,7,9,48,50,48,Normal-4383
135,30,12,34,57,13,25,50,22,11,36,52,33,12,48,53,44,31,23,32,34,33,46,20,13,41,11,12,59,55,56,Normal-4415
136,33,8,32,50,11,18,55,19,9,29,57,29,7,39,58,40,32,19,32,29,32,39,21,8,45,8,6,49,59,50,Normal-4433
137,32,8,30,54,12,19,52,20,8,30,54,32,6,42,56,44,31,20,31,31,30,43,22,8,42,9,3,53,58,55,Normal-4448
138,33,5,32,44,13,14,54,16,10,24,56,26,8,33,58,36,33,15,32,25,32,34,22,5,45,6,5,43,60,46,Normal-4470
139,32,14,32,51,12,24,51,23,11,33,52,32,9,42,54,41,32,23,32,33,32,42,20,14,43,14,7,51,55,50,Normal-4498
140,35,7,33,48,14,16,56,18,11,26,56,29,10,37,54,39,34,17,34,28,33,38,26,6,47,7,10,47,52,49,Normal-4507
141,33,14,34,51,11,23,57,22,10,33,59,32,10,42,60,41,34,23,34,32,34,41,22,14,46,13,9,51,60,50,Normal-4576
142,35,10,34,49,15,20,57,20,13,29,59,30,12,39,60,40,35,20,35,30,35,39,24,10,50,10,11,49,60,50,Normal-4594
143,32,8,31,51,12,18,54,19,9,29,55,30,5,40,57,41,32,19,32,30,32,40,20,8,46,8,5,50,57,52,Normal-4649
144,33,5,33,56,13,18,54,18,10,31,56,31,8,44,57,43,33,18,33,31,33,44,22,5,46,5,7,56,58,56,Normal-4851
145,31,12,30,49,12,20,50,22,10,30,51,31,7,39,53,41,31,21,30,30,30,40,22,12,42,12,6,48,54,50,Normal-4855
146,32,9,31,56,14,20,49,21,11,32,51,33,9,44,52,44,31,21,31,32,31,44,22,9,43,10,7,55,54,56,Normal-4953
147,30,6,29,48,9,15,52,17,7,26,54,27,5,36,56,38,30,16,30,26,29,37,17,5,43,6,1,46,60,49,Normal-5028
148,34,12,31,55,13,21,53,24,9,32,55,35,5,42,57,46,33,22,32,33,31,44,21,11,45,12,4,53,58,57,Normal-5054
149,30,10,29,50,14,19,47,20,10,29,47,31,10,40,47,41,30,20,30,30,29,40,22,10,40,10,9,50,48,51,Normal-5077
150,34,6,36,59,14,19,57,18,13,32,58,32,13,46,58,45,35,19,35,32,35,45,23,6,48,5,12,59,60,58,Normal-5079
151,33,4,28,53,12,14,52,18,9,26,52,31,6,38,52,43,32,16,31,29,30,41,22,3,44,5,4,51,52,56,Normal-5152
152,32,10,29,62,11,22,50,24,8,34,51,37,4,47,53,50,31,23,30,36,30,49,22,9,40,10,1,60,56,63,Normal-5182
153,32,12,33,46,11,20,54,20,9,29,56,29,8,38,56,37,32,20,32,29,32,38,21,12,46,12,5,46,58,46,Normal-5207
154,31,9,32,50,12,19,51,19,11,29,53,29,9,40,56,39,31,19,31,29,32,39,21,9,43,9,6,50,57,49,Normal-5214
155,32,11,28,56,12,20,49,23,8,32,50,35,5,42,50,46,31,22,30,33,29,44,21,10,41,12,2,54,51,57,Normal-5217
156,31,7,32,56,12,20,51,19,10,32,53,32,10,44,54,44,31,20,32,32,32,44,21,7,41,7,10,56,54,56,Normal-5289
157,32,12,32,56,13,23,50,22,11,34,52,33,10,45,53,44,32,23,32,34,32,45,21,12,42,11,9,56,54,55,Normal-5297
158,32,11,31,44,12,19,50,20,9,27,52,28,8,35,54,36,32,19,31,28,31,36,18,11,42,12,6,43,56,44,Normal-5329
159,33,9,34,42,15,18,54,17,14,26,55,25,12,35,57,33,33,18,33,26,34,34,22,10,46,9,10,43,60,42,Normal-5354
160,32,16,31,58,11,27,53,27,7,37,56,38,5,48,59,48,32,27,32,37,31,48,21,16,42,16,3,58,61,59,Normal-5587
161,31,11,31,52,10,22,51,22,7,32,53,32,4,42,55,42,31,22,31,32,31,42,20,11,41,11,2,52,57,52,Normal-5604
162,30,10,32,50,10,21,51,19,7,31,54,29,4,42,56,39,30,20,30,30,31,40,18,10,42,9,4,52,57,49,Normal-5606
163,32,11,30,46,13,19,49,21,10,27,51,30,10,36,52,38,31,20,31,29,30,37,22,10,41,12,8,45,53,47,Normal-5674
164,34,9,33,45,13,18,55,19,12,26,56,28,9,35,58,36,34,18,34,27,34,36,22,9,47,10,8,44,59,45,Normal-5777
165,34,9,31,46,14,17,54,20,11,26,54,29,10,35,54,39,33,18,32,28,31,37,24,8,44,10,8,44,54,48,Normal-5829
166,31,9,30,55,8,20,55,21,7,32,57,32,6,43,57,44,31,20,31,32,31,44,20,9,45,9,5,55,56,55,Normal-5928
167,28,6,29,52,8,18,48,17,6,29,50,28,4,40,52,40,28,17,28,29,28,40,18,6,39,6,2,52,54,51,Normal-5936
168,33,8,33,45,16,17,51,17,14,27,53,26,12,36,55,35,33,17,33,26,33,36,23,8,44,8,9,46,57,45,Normal-5959
169,34,10,33,47,17,18,51,20,16,28,51,29,15,37,52,38,34,19,33,28,33,38,25,10,45,10,14,46,53,48,Normal-5977
170,32,6,32,49,14,17,52,17,12,27,54,28,10,38,56,38,32,17,32,28,32,38,23,6,44,6,10,49,57,49,Normal-6004
171,35,8,32,58,15,19,54,21,11,31,55,34,10,44,56,47,34,20,33,33,32,46,24,7,45,8,8,57,58,60,Normal-6188
172,32,9,32,53,11,20,53,20,9,31,54,31,7,42,55,42,32,20,32,31,32,42,23,9,42,9,7,53,56,53,Normal-6222
173,34,12,34,59,12,24,55,24,9,35,57,35,8,47,58,47,34,24,34,35,34,47,21,12,48,12,5,59,62,59,Normal-6258
174,33,9,32,46,12,18,55,19,11,27,56,28,10,36,56,38,33,18,32,28,32,37,22,9,49,9,7,46,57,47,Normal-6335
175,36,9,33,47,13,17,58,20,11,26,59,30,10,36,58,39,35,19,34,28,34,37,28,9,44,10,9,45,58,48,Normal-6343
176,32,14,33,53,12,25,51,23,8,35,55,33,6,44,57,43,32,24,32,34,33,44,21,15,41,14,5,54,58,52,Normal-6469
177,31,12,32,52,11,22,54,21,9,32,55,31,7,42,56,41,31,22,32,32,32,42,21,12,42,11,5,52,57,51,Normal-6560
178,30,11,30,48,13,20,48,21,11,29,51,30,10,38,52,39,30,20,30,29,30,38,22,11,40,11,9,47,54,48,Normal-6642
179,34,10,32,52,14,19,54,22,12,30,56,32,10,40,58,43,34,20,33,31,32,42,26,9,42,10,6,50,60,54,Normal-6742
180,31,6,32,45,11,16,52,15,10,26,52,25,9,36,53,35,31,16,31,26,31,35,23,6,39,6,8,45,53,45,Normal-6743
181,33,10,32,56,12,21,53,22,10,33,55,33,11,44,54,45,32,22,32,33,32,44,23,10,43,10,10,56,54,56,Normal-6774
182,33,8,32,54,13,19,54,20,11,30,55,31,10,42,55,43,33,19,33,31,32,42,23,8,44,8,10,53,55,54,Normal-6808
183,34,12,32,55,14,22,53,23,11,33,56,34,9,44,59,45,33,22,33,33,33,44,24,11,44,12,7,54,60,56,Normal-6873
184,32,8,33,45,18,17,49,16,15,27,51,26,15,36,52,35,32,17,32,26,33,36,24,8,41,7,14,46,54,44,Normal-6957
185,32,8,32,52,11,18,53,19,9,30,55,30,7,41,57,41,32,19,32,30,32,41,21,8,44,8,5,52,58,52,Normal-7025
186,35,9,35,50,16,19,53,20,15,30,54,30,15,40,55,40,35,20,35,30,35,40,23,9,46,9,15,50,55,50,Normal-7046
187,32,3,32,49,10,15,56,14,9,26,56,26,7,38,56,37,32,15,32,26,32,38,20,3,45,3,6,49,57,49,Normal-7060
188,35,8,31,62,13,20,54,23,10,34,55,36,8,47,55,50,34,21,33,35,32,49,27,7,43,8,7,61,56,63,Normal-7076
189,32,6,32,55,9,18,55,18,7,30,56,30,6,42,57,43,32,18,32,30,32,42,20,6,45,6,6,54,58,55,Normal-7178
190,25,4,29,37,8,15,46,10,7,23,49,18,6,32,51,26,26,13,27,21,28,29,15,5,34,3,5,40,54,34,Normal-7192
191,32,9,32,51,11,20,53,20,10,30,54,30,8,41,55,40,32,20,32,30,32,41,22,9,43,9,6,51,57,51,Normal-7208
192,36,12,34,52,19,21,52,22,16,31,55,32,13,41,56,42,35,22,35,32,35,42,27,11,44,12,11,51,58,52,Normal-7332
193,35,12,34,57,18,23,51,23,16,34,54,35,14,45,55,46,35,23,34,34,34,45,26,12,43,12,12,56,58,57,Normal-7343
194,30,7,31,48,11,18,50,17,10,28,52,28,9,38,53,38,30,18,31,28,31,38,19,8,42,7,8,49,53,48,Normal-7389
195,34,9,31,45,15,16,52,20,12,25,53,29,11,34,52,38,34,18,33,27,32,36,23,8,46,10,9,43,53,47,Normal-7443
196,31,9,30,46,15,17,50,19,11,26,52,28,8,35,54,37,31,18,30,27,30,36,23,8,44,9,5,45,55,47,Normal-7551
197,32,2,32,40,17,12,49,11,14,21,51,21,13,31,54,30,32,11,32,21,32,30,22,2,42,2,10,40,56,40,Normal-7606
198,30,8,30,51,10,18,51,19,9,29,52,30,9,40,52,40,30,18,30,29,30,40,19,8,42,8,8,51,52,51,Normal-7636
199,35,13,31,62,16,23,54,27,14,35,56,39,12,48,56,52,34,25,33,37,32,49,24,12,46,14,9,60,56,63,Normal-7728
200,32,8,33,50,10,18,57,18,9,29,58,29,9,40,58,40,32,18,32,29,32,40,20,8,44,8,8,51,58,50,Normal-7756
201,34,7,32,48,12,16,54,18,9,26,56,28,6,36,56,39,33,17,33,27,32,38,24,6,44,7,6,47,56,49,Normal-7784
202,32,10,28,50,12,18,48,22,9,28,49,32,9,38,49,42,31,20,30,30,29,40,21,9,42,11,8,47,49,52,Normal-7892
203,36,8,36,46,22,18,52,18,20,27,54,27,18,36,55,37,36,18,36,27,36,36,28,8,45,8,17,45,54,46,Normal-7909
204,34,4,34,42,15,13,54,13,12,23,56,23,10,32,57,32,34,13,34,23,34,32,23,4,45,4,10,42,58,42,Normal-7957
205,34,9,34,34,14,16,52,15,11,22,55,21,10,28,57,28,34,16,34,22,34,28,22,9,44,9,9,34,59,34,Normal-7961
206,32,11,32,49,13,20,52,21,12,30,54,30,12,39,54,40,32,20,32,30,32,40,23,10,44,11,10,49,56,50,Normal-8015
207,30,10,29,44,9,18,49,19,7,27,52,27,5,35,54,36,29,19,29,27,29,36,18,10,41,11,3,44,56,44,Normal-8028
208,30,7,32,54,12,20,51,18,10,31,54,29,9,43,56,41,30,19,31,30,32,42,21,8,42,6,8,55,57,53,Normal-8140
209,28,16,29,62,9,28,48,27,7,40,51,39,6,51,53,50,28,28,28,39,28,51,17,16,40,16,5,63,55,62,Normal-8167
210,32,11,31,51,12,20,52,22,10,30,53,32,8,40,53,42,31,21,31,31,31,41,22,11,43,12,7,50,54,51,Normal-8180
211,34,6,32,48,10,15,59,18,8,26,61,29,5,36,62,39,34,16,33,27,33,38,20,5,51,7,4,47,62,50,Normal-8205
212,32,10,31,51,9,20,55,21,7,30,57,31,6,40,58,41,31,20,31,31,31,41,19,10,46,10,5,50,57,51,Normal-8265
213,33,16,34,46,18,24,50,23,16,31,52,30,14,39,53,38,33,23,34,31,34,38,24,16,44,16,11,46,54,46,Normal-8266
214,31,9,32,49,12,20,50,19,10,30,52,29,8,40,55,39,31,19,31,29,32,39,20,9,42,9,7,50,56,49,Normal-8291
215,30,6,29,49,8,16,54,18,4,27,58,29,2,38,60,39,30,17,30,28,29,38,17,6,45,7,2,48,60,50,Normal-8304
216,34,4,32,62,13,17,56,19,9,32,57,34,6,46,59,48,34,18,33,33,32,47,23,3,47,4,6,61,58,63,Normal-8315
217,33,9,33,48,12,19,43,18,10,28,43,28,9,38,43,38,33,18,33,28,33,38,22,9,46,9,10,48,58,48,Normal-8317
218,30,10,30,58,10,22,50,22,8,34,50,34,7,46,52,46,30,22,30,34,30,46,21,10,40,10,5,58,55,59,Normal-8330
219,39,10,36,41,22,16,55,19,20,24,56,27,18,32,56,35,38,18,37,26,37,33,30,9,48,11,17,39,56,43,Normal-8346
220,35,4,36,53,14,17,56,16,13,29,59,28,12,41,59,40,35,16,35,29,35,41,24,5,46,4,11,53,61,52,Normal-8386
221,33,6,31,44,9,14,55,16,6,24,58,26,5,33,59,35,32,15,32,25,32,34,22,5,44,6,3,42,59,45,Normal-8410
222,32,11,31,46,13,19,52,20,11,28,54,29,10,36,55,38,32,19,32,28,31,37,22,10,45,11,8,45,57,47,Normal-8432
223,34,9,33,58,17,21,52,21,15,33,53,34,13,45,54,46,34,21,34,33,34,46,26,8,42,9,12,58,54,58,Normal-8452
224,31,8,29,58,12,20,50,22,10,32,52,34,8,44,54,46,30,21,30,33,29,45,20,8,44,9,7,56,54,59,Normal-8584
225,28,9,25,48,6,17,48,20,4,27,49,30,2,36,49,39,27,19,26,28,26,38,14,8,42,10,0,46,50,49,Normal-8613
226,34,7,33,48,14,17,55,18,11,27,58,29,10,37,58,39,34,18,34,28,33,38,23,7,46,8,9,48,60,49,Normal-8711
227,32,3,30,48,8,14,52,15,6,25,53,26,4,36,55,38,31,14,31,26,30,37,16,2,46,3,3,47,56,49,Normal-8735
228,31,7,29,48,12,16,49,18,10,26,51,28,8,36,52,38,31,17,30,27,30,37,23,6,39,7,7,47,53,48,Normal-8745
229,32,8,31,49,12,18,51,18,10,28,54,28,8,38,55,39,32,18,32,28,31,38,22,7,44,8,6,48,56,49,Normal-8782
230,32,9,31,59,7,21,56,22,6,33,57,34,3,46,58,47,32,21,31,34,31,46,20,9,47,9,3,58,57,59,Normal-8810
231,34,5,34,50,15,17,52,16,13,28,53,28,12,39,54,39,34,16,34,28,34,39,23,5,45,5,10,50,56,50,Normal-8874
232,35,6,37,60,12,21,58,19,11,34,58,32,10,48,60,46,35,20,36,33,36,47,21,7,49,6,10,61,60,59,Normal-8914
233,30,9,30,47,11,18,50,19,8,28,52,28,6,37,55,38,30,18,30,28,30,38,21,9,41,9,3,47,58,47,Normal-8952
234,35,7,32,57,15,18,54,21,13,31,55,33,10,43,58,46,35,20,34,32,33,45,23,6,48,8,8,56,60,59,Normal-9032
235,33,10,33,50,14,20,53,20,12,30,54,30,11,40,55,40,33,20,33,30,33,40,24,10,44,10,8,50,57,50,Normal-9073
236,34,11,32,48,12,19,55,21,11,28,55,30,10,37,55,40,33,20,33,29,32,38,23,10,48,11,7,46,58,49,Normal-9111
237,31,6,32,54,10,18,52,18,8,30,54,29,8,42,55,41,31,18,32,30,32,42,19,6,43,6,8,54,55,53,Normal-9112
238,31,5,25,39,10,10,52,17,6,18,52,26,4,27,51,34,29,13,28,22,27,30,21,3,43,6,2,35,50,43,Normal-9174
239,28,5,28,59,6,18,50,19,4,32,53,32,2,45,54,45,28,19,28,32,28,45,16,5,40,5,3,59,54,59,Normal-9188
240,34,10,27,54,10,17,53,24,7,28,53,36,4,39,54,47,32,21,30,32,28,43,18,7,46,12,1,50,55,59,Normal-9243
241,31,13,30,42,15,19,45,20,14,27,46,28,12,34,48,35,30,20,30,27,30,34,22,12,40,13,9,41,50,42,Normal-9248
242,34,13,33,56,17,24,51,24,15,35,54,35,12,46,56,46,33,24,33,35,33,46,23,13,44,13,9,56,59,56,Normal-9298
243,34,9,32,57,14,20,53,22,10,32,55,34,8,44,56,46,34,21,33,33,32,45,24,9,45,10,6,56,58,58,Normal-9309
244,32,10,31,47,15,18,50,20,13,28,51,29,12,37,51,39,32,19,32,28,31,38,24,9,42,10,10,46,53,48,Normal-9320
245,30,4,29,49,8,15,51,16,6,26,54,27,5,37,54,38,29,15,29,26,29,38,22,4,38,4,4,48,53,49,Normal-9323
246,34,4,31,47,16,13,51,16,14,24,51,27,13,35,51,38,33,14,33,26,32,36,24,3,45,4,12,46,52,49,Normal-9343
247,35,6,34,41,15,14,54,15,12,23,56,24,10,32,57,32,35,15,35,23,35,32,23,6,47,6,8,40,58,41,Normal-9349
248,35,4,35,55,16,17,54,17,13,30,58,30,11,43,60,42,35,17,35,30,35,43,25,4,45,4,9,56,60,55,Normal-9360
249,28,10,30,39,11,18,46,17,10,26,49,24,9,33,50,31,29,18,29,25,29,32,17,11,39,10,8,40,52,38,Normal-9468
250,30,15,30,47,16,22,45,23,13,30,48,31,12,38,48,39,30,23,30,31,30,39,22,14,38,15,12,46,48,47,Normal-9470
251,33,3,31,59,15,16,42,17,22,31,42,31,22,44,42,45,32,17,32,31,32,45,25,3,41,3,21,58,41,59,Normal-9508
252,31,9,30,51,13,19,48,20,11,30,49,30,10,40,50,41,30,20,30,30,30,41,20,9,41,9,7,51,51,52,Normal-9553
253,32,6,31,44,15,15,42,16,10,25,41,25,21,34,41,35,32,16,31,25,31,34,24,6,43,6,8,43,41,44,Normal-9556
254,31,6,31,52,13,18,51,17,10,29,54,29,9,40,56,40,31,18,31,29,31,40,23,6,42,6,7,52,58,51,Normal-9558
255,33,11,33,44,14,19,52,19,12,27,54,28,10,36,56,36,33,19,33,28,33,36,23,10,45,11,8,44,56,45,Normal-9690
256,31,10,32,50,10,20,52,20,8,30,57,30,6,40,61,39,31,20,31,30,32,40,19,11,42,10,5,50,63,49,Normal-9797
257,34,8,34,48,14,18,54,18,12,28,56,28,10,38,58,38,34,18,34,28,34,38,26,8,42,8,8,48,61,48,Normal-9804
258,32,6,33,43,16,15,52,14,14,25,54,24,13,34,56,33,32,15,33,24,33,33,23,6,46,5,11,43,56,42,Normal-9836
259,32,9,30,50,14,19,49,20,12,29,52,31,10,39,53,41,31,20,31,30,30,40,21,9,43,10,8,49,55,51,Normal-9863
260,34,7,33,45,15,16,53,17,13,26,54,27,10,35,56,36,33,17,33,26,33,36,22,7,47,7,8,44,56,46,Normal-9911
261,33,10,32,47,11,18,55,20,10,27,54,29,10,36,55,38,33,19,32,28,32,37,25,9,41,10,8,46,56,48,Normal-9934
262,32,6,29,48,11,15,51,18,9,25,52,28,7,36,54,39,31,16,30,27,30,37,22,5,42,7,4,46,54,50,Normal-9953
263,28,12,29,51,7,22,51,21,6,32,51,31,6,42,50,41,28,22,28,32,28,41,16,12,42,12,4,52,52,50,Normal-9997
264,32,8,30,50,8,17,54,20,5,28,56,31,4,38,57,41,31,19,31,29,30,40,21,8,44,9,4,49,56,52,Normal-10097
265,34,11,34,52,14,22,54,21,13,32,55,31,11,42,56,41,34,21,34,32,34,42,22,11,44,11,11,52,56,52,Normal-10103
266,31,6,30,46,11,15,50,16,9,25,52,27,7,35,53,37,31,16,30,26,30,36,23,5,39,6,5,45,54,47,Normal-10105
267,35,4,36,40,17,13,54,13,15,22,56,21,14,31,57,30,35,13,36,22,36,31,27,4,43,4,12,40,59,39,Normal-10111
268,28,11,33,57,10,24,50,20,8,36,53,32,8,48,56,43,30,22,31,34,32,45,16,12,40,10,8,59,57,55,Viral Pneumonia-11
269,33,1,32,54,14,14,51,15,10,27,55,28,9,40,55,41,33,14,32,28,32,41,20,1,46,1,7,54,56,55,Viral Pneumonia-18
270,29,5,32,60,9,20,50,18,9,34,53,31,9,48,55,45,30,19,30,33,31,47,18,6,42,4,11,62,56,59,Viral Pneumonia-64
271,30,4,28,62,10,18,50,19,8,32,53,33,6,47,55,48,29,18,29,33,29,47,19,3,40,4,6,61,55,62,Viral Pneumonia-67
272,34,8,28,51,13,16,52,22,9,27,53,33,8,38,54,44,32,19,31,30,30,40,24,7,43,10,6,48,54,55,Viral Pneumonia-70
273,34,6,30,51,10,15,54,20,7,26,58,31,5,37,57,42,33,18,32,29,31,40,21,5,48,8,3,48,57,54,Viral Pneumonia-73
274,32,4,31,56,16,16,49,17,11,30,53,30,7,42,56,44,32,17,32,30,32,43,24,4,40,4,4,56,58,57,Viral Pneumonia-87
275,35,7,33,52,16,17,52,19,12,28,56,30,12,40,56,41,34,18,34,29,33,40,25,7,43,7,12,51,55,52,Viral Pneumonia-93
276,33,8,30,52,14,18,47,20,11,29,50,32,9,40,52,43,32,20,31,30,31,42,25,8,40,9,8,51,52,54,Viral Pneumonia-95
277,29,9,31,60,11,23,50,21,10,35,54,33,7,48,55,46,29,22,30,34,31,47,18,10,42,9,6,61,58,59,Viral Pneumonia-100
278,32,9,32,58,15,21,52,21,11,33,55,33,10,45,56,46,32,21,32,33,32,45,23,9,42,9,10,57,58,58,Viral Pneumonia-111
279,31,7,30,59,10,20,51,21,5,32,57,34,4,45,60,47,31,20,31,33,30,46,23,7,39,7,4,58,61,60,Viral Pneumonia-126
280,33,5,29,58,14,17,51,20,10,30,53,33,8,43,54,46,32,18,31,32,30,45,22,4,43,6,7,56,54,60,Viral Pneumonia-135
281,34,6,30,52,13,16,54,19,9,27,57,31,8,38,57,42,33,18,32,29,31,40,23,5,45,7,5,49,58,54,Viral Pneumonia-141
282,35,5,30,54,13,15,54,19,8,27,57,32,6,39,59,44,33,17,32,30,31,42,24,4,45,6,5,51,59,56,Viral Pneumonia-146
283,35,6,31,54,14,16,53,20,9,28,57,32,7,39,58,44,34,18,33,30,32,42,25,5,43,7,5,51,58,56,Viral Pneumonia-160
284,33,1,32,40,10,10,58,12,9,19,60,22,7,29,60,31,33,10,33,20,32,30,12,0,56,2,5,39,62,41,Viral Pneumonia-170
285,32,4,30,54,13,15,52,17,9,28,55,30,7,40,56,42,32,16,31,29,31,41,21,3,44,4,5,53,57,55,Viral Pneumonia-173
286,34,2,32,55,15,14,51,16,10,28,55,30,9,41,57,43,34,15,33,29,32,42,23,1,45,2,8,54,58,57,Viral Pneumonia-186
287,31,1,31,62,12,16,57,17,10,31,57,32,9,47,59,47,31,16,31,32,31,47,13,1,55,2,8,62,61,62,Viral Pneumonia-203
288,32,1,33,38,10,10,55,10,8,20,57,19,8,29,58,28,32,10,33,20,33,29,12,1,53,0,7,39,60,38,Viral Pneumonia-208
289,37,1,33,45,15,10,56,14,12,21,56,25,9,31,57,36,36,12,35,23,34,34,28,0,55,2,5,42,60,47,Viral Pneumonia-220
290,32,6,32,56,12,18,50,18,8,31,54,31,7,43,56,43,32,18,32,31,32,43,24,6,40,6,6,55,56,56,Viral Pneumonia-223
291,31,12,29,56,13,22,49,23,9,33,50,34,8,44,54,46,30,23,30,34,30,45,20,11,42,12,5,55,54,57,Viral Pneumonia-225
292,33,10,30,56,13,20,51,23,9,31,53,34,8,43,54,46,32,21,32,33,31,44,23,9,41,10,5,54,53,58,Viral Pneumonia-232
293,34,9,31,54,19,19,50,22,16,30,53,33,14,41,54,44,33,20,32,32,32,43,25,8,44,10,12,52,55,55,Viral Pneumonia-237
294,28,11,31,62,9,24,48,23,7,37,52,35,6,50,54,48,29,24,30,36,30,49,19,11,38,10,6,63,57,61,Viral Pneumonia-243
295,28,11,34,56,11,25,49,19,9,36,54,30,10,48,56,41,30,22,31,33,33,45,18,12,42,9,10,59,58,53,Viral Pneumonia-253
296,30,9,31,53,14,20,47,20,11,31,51,31,9,42,54,42,30,20,30,31,30,42,21,9,40,9,7,53,55,53,Viral Pneumonia-257
297,30,6,32,60,13,20,49,19,10,34,53,32,10,47,53,46,30,19,31,33,31,47,20,6,41,5,10,61,55,60,Viral Pneumonia-263
298,35,6,28,57,12,16,53,21,9,28,54,35,6,41,54,48,33,18,31,31,29,44,23,4,45,7,4,54,53,61,Viral Pneumonia-265
299,31,10,33,62,12,24,50,22,10,37,53,35,9,50,55,48,31,23,32,36,32,49,21,10,41,10,7,63,56,61,Viral Pneumonia-267
300,32,8,31,61,11,21,51,22,8,34,56,35,6,47,56,48,32,21,32,34,31,47,20,8,43,8,4,60,58,61,Viral Pneumonia-276
301,32,1,32,63,11,17,55,16,10,32,56,32,8,48,58,47,32,17,32,32,32,48,13,1,51,1,6,63,60,63,Viral Pneumonia-301
302,31,3,32,62,14,18,49,17,10,33,53,32,10,48,56,47,31,18,31,32,32,47,20,3,43,2,8,63,58,62,Viral Pneumonia-328
303,33,1,32,36,11,9,53,10,8,18,55,19,6,27,57,27,32,10,32,18,32,27,13,1,49,1,7,36,58,36,Viral Pneumonia-335
304,31,11,32,62,14,24,49,24,12,37,51,36,10,50,54,49,31,24,31,37,32,50,20,12,40,11,9,63,55,62,Viral Pneumonia-336
305,31,12,30,57,13,23,49,24,10,34,52,36,7,45,54,47,31,24,30,35,30,46,20,12,42,13,6,56,56,58,Viral Pneumonia-340
306,32,8,33,54,14,20,52,18,11,32,55,30,10,44,58,42,32,19,32,31,33,43,22,8,43,7,8,55,60,53,Viral Pneumonia-356
307,32,11,32,60,13,23,50,23,10,35,52,35,8,48,56,48,32,23,32,35,32,48,21,10,42,11,8,60,57,60,Viral Pneumonia-384
308,34,14,32,57,15,24,52,26,11,34,55,37,10,45,55,48,34,25,33,36,32,46,26,14,42,15,9,55,55,58,Viral Pneumonia-401
309,29,7,34,50,12,20,45,16,11,31,50,26,10,42,52,37,30,18,31,29,32,39,21,8,37,6,12,53,54,48,Viral Pneumonia-424
310,31,2,30,48,9,12,52,14,6,24,55,25,5,36,56,37,31,13,31,25,30,36,14,1,50,2,3,47,60,49,Viral Pneumonia-433
311,34,7,31,55,18,18,48,20,12,30,53,32,11,42,54,44,33,19,32,31,32,43,26,6,43,7,9,54,55,57,Viral Pneumonia-439
312,33,8,31,57,13,19,50,21,10,31,54,33,6,43,56,46,32,20,32,32,31,44,22,8,41,8,4,55,59,58,Viral Pneumonia-444
313,33,8,29,58,16,19,48,22,11,31,54,35,8,44,55,47,32,20,31,33,30,45,24,7,43,8,5,56,56,60,Viral Pneumonia-452
314,33,6,31,46,17,15,50,17,12,25,53,27,9,35,55,37,32,16,32,26,31,36,23,6,42,7,6,45,55,48,Viral Pneumonia-456
315,33,4,30,54,14,15,49,17,11,28,54,30,8,40,56,43,33,16,32,29,31,42,24,3,41,4,7,52,56,56,Viral Pneumonia-489
316,30,11,35,59,15,24,49,21,13,37,52,33,12,49,55,45,32,23,33,35,34,47,21,12,41,10,11,62,57,57,Viral Pneumonia-501
317,30,8,32,54,14,20,47,19,13,32,50,30,11,44,53,42,30,20,31,31,31,43,22,8,38,8,9,55,56,54,Viral Pneumonia-524
318,33,6,31,57,14,18,42,19,10,31,42,32,7,43,41,45,32,19,32,32,31,44,22,6,42,6,6,56,57,58,Viral Pneumonia-528
319,32,8,35,59,12,22,54,19,10,34,56,32,10,47,57,44,32,20,33,33,34,46,24,8,40,7,11,60,58,57,Viral Pneumonia-532
320,32,3,30,58,15,16,48,17,9,30,52,31,7,43,53,45,32,17,31,30,31,44,24,3,40,4,6,57,56,58,Viral Pneumonia-540
321,32,8,32,62,13,22,52,22,9,35,55,35,8,48,58,48,32,22,32,35,32,48,22,8,43,8,7,61,59,62,Viral Pneumonia-552
322,32,8,32,52,12,19,50,20,10,30,53,31,7,41,54,42,32,20,32,30,32,42,21,8,43,9,6,52,55,53,Viral Pneumonia-554
323,42,16,29,44,27,17,55,30,22,23,55,38,15,29,54,46,38,23,36,30,32,36,35,12,51,20,10,35,54,54,Viral Pneumonia-595
324,34,8,32,60,13,20,54,22,11,33,55,35,10,46,56,48,34,21,33,34,33,47,22,7,45,8,8,59,56,61,Viral Pneumonia-600
325,31,7,38,59,20,22,47,18,17,35,54,31,15,49,57,44,32,20,34,33,36,46,24,8,38,6,12,62,61,56,Viral Pneumonia-623
326,30,7,32,54,14,19,48,18,10,31,54,29,8,43,56,41,30,18,31,30,31,42,22,7,38,6,3,55,59,53,Viral Pneumonia-634
327,38,1,31,55,12,11,56,17,8,24,58,31,3,38,61,45,36,14,34,28,32,41,28,0,54,3,1,51,62,59,Viral Pneumonia-651
328,32,1,29,54,11,13,54,15,7,26,58,28,4,39,58,42,31,14,30,27,30,40,18,0,40,1,3,52,60,55,Viral Pneumonia-654
329,36,4,30,48,21,13,47,17,18,24,48,28,16,35,50,40,35,15,33,26,32,37,26,3,43,5,14,46,51,51,Viral Pneumonia-658
330,31,8,32,63,12,22,50,22,8,36,55,35,6,50,55,49,31,22,31,36,31,49,21,9,40,8,6,63,58,63,Viral Pneumonia-671
331,31,7,32,63,18,21,47,21,16,35,50,34,13,49,52,48,32,21,32,35,32,49,24,7,42,7,9,63,56,62,Viral Pneumonia-675
332,29,11,32,59,14,24,44,22,11,36,49,34,9,49,53,46,30,23,30,35,31,47,20,12,38,10,8,61,55,58,Viral Pneumonia-679
333,31,8,29,55,10,19,52,21,8,30,53,33,6,42,55,44,31,20,30,32,30,43,20,8,42,9,5,54,55,56,Viral Pneumonia-684
334,32,8,32,56,10,20,51,20,8,32,55,32,4,43,56,44,32,20,32,32,32,44,21,8,43,8,2,55,59,56,Viral Pneumonia-689
335,32,7,31,61,15,20,48,21,12,34,52,34,11,47,53,48,32,21,31,34,31,48,21,7,42,7,8,60,54,61,Viral Pneumonia-707
336,36,10,29,56,15,18,54,24,10,29,56,37,7,40,55,48,34,21,32,33,31,44,23,8,48,12,5,52,55,60,Viral Pneumonia-709
337,30,7,32,60,12,20,51,19,10,34,53,33,7,47,55,46,30,20,31,33,31,47,20,7,42,6,6,61,57,59,Viral Pneumonia-711
338,29,8,29,62,14,21,44,21,12,35,49,35,9,48,51,48,29,21,29,35,29,48,21,8,40,8,7,62,54,62,Viral Pneumonia-714
339,29,8,32,61,10,22,50,20,9,36,52,34,10,49,53,47,30,22,31,35,31,48,21,9,37,8,9,62,56,60,Viral Pneumonia-719
340,33,9,30,56,13,20,51,22,10,31,53,34,7,43,56,46,32,21,31,33,31,44,23,8,44,10,5,55,57,58,Viral Pneumonia-743
341,34,2,32,63,12,16,56,18,11,31,54,33,8,46,57,49,34,17,33,32,32,48,17,1,52,3,6,61,56,63,Viral Pneumonia-745
342,39,3,31,54,17,12,55,18,13,25,56,31,9,37,58,45,37,15,35,28,33,41,21,0,52,5,6,50,61,58,Viral Pneumonia-752
343,30,1,32,59,9,16,53,14,6,31,56,29,4,45,60,43,31,15,31,30,32,44,13,1,49,0,4,60,59,58,Viral Pneumonia-768
344,32,4,32,58,14,17,50,17,12,31,53,30,12,44,54,44,32,17,32,31,32,44,22,4,40,4,11,58,56,58,Viral Pneumonia-774
345,33,4,31,60,12,17,52,19,10,31,54,33,7,45,57,47,33,18,32,32,31,46,21,3,45,4,4,59,58,61,Viral Pneumonia-777
346,29,1,31,51,7,15,50,13,6,27,54,25,5,40,57,37,29,14,30,26,30,39,11,2,36,1,3,53,59,50,Viral Pneumonia-782
347,29,8,33,55,16,21,44,19,15,33,48,30,13,45,50,42,30,20,31,32,32,43,21,9,39,8,12,56,53,53,Viral Pneumonia-791
348,31,5,33,52,12,17,50,16,10,29,54,27,8,41,56,39,31,16,32,28,32,40,20,5,42,4,8,53,56,51,Viral Pneumonia-797
349,29,7,32,45,10,18,48,15,9,28,50,24,8,37,51,34,30,16,30,26,31,36,18,8,40,6,9,47,54,43,Viral Pneumonia-801
350,37,2,32,58,10,13,60,18,7,27,62,32,6,41,63,46,35,16,34,30,33,44,20,0,53,3,6,55,63,60,Viral Pneumonia-806
351,30,5,32,60,11,19,50,18,8,33,54,32,7,47,55,46,31,19,31,33,32,46,19,5,42,4,6,61,57,59,Viral Pneumonia-829
352,32,14,28,59,13,23,48,26,9,34,52,38,6,46,53,50,31,25,30,36,29,48,19,12,43,14,5,57,54,61,Viral Pneumonia-844
353,30,6,32,49,14,18,48,16,11,29,52,27,10,40,54,37,30,17,31,28,32,38,20,7,39,6,7,51,56,48,Viral Pneumonia-854
354,32,4,31,53,16,16,46,16,12,28,48,29,10,40,50,41,32,16,32,28,32,41,23,4,41,4,8,52,52,53,Viral Pneumonia-878
355,31,6,32,59,14,20,46,19,11,33,50,32,8,46,51,46,31,19,31,33,32,46,20,6,39,6,6,59,54,59,Viral Pneumonia-885
356,32,12,32,51,17,22,45,22,14,32,48,32,13,41,51,42,32,22,32,32,32,42,23,12,39,12,11,51,52,51,Viral Pneumonia-901
357,35,1,32,27,16,5,56,10,14,12,58,17,12,18,58,23,34,8,34,14,33,20,27,0,52,3,10,24,59,30,Viral Pneumonia-929
358,32,11,31,56,16,22,42,23,12,33,42,34,11,44,41,45,32,22,32,33,31,45,23,11,40,12,10,55,41,56,Viral Pneumonia-932
359,31,5,32,56,13,18,51,17,11,31,53,30,9,44,55,42,31,18,31,30,32,43,22,5,41,4,8,57,56,55,Viral Pneumonia-937
360,31,9,34,59,14,22,50,20,9,35,55,33,9,48,58,45,31,22,32,34,33,46,23,10,42,8,8,60,58,57,Viral Pneumonia-943
361,32,14,32,59,14,25,49,25,10,36,52,36,8,47,54,48,32,25,32,36,32,48,21,14,43,14,5,59,57,59,Viral Pneumonia-958
362,33,6,32,56,14,18,49,19,12,31,51,31,9,43,53,44,32,19,32,31,32,44,21,6,44,6,8,55,55,56,Viral Pneumonia-988
363,32,3,36,58,13,18,51,15,12,32,54,28,11,46,57,42,33,16,34,30,35,44,18,4,47,1,10,60,61,55,Viral Pneumonia-989
364,33,10,31,54,12,19,52,22,10,30,55,33,5,41,57,44,33,20,32,32,32,43,18,9,48,10,3,52,57,55,Viral Pneumonia-993
365,31,12,30,51,14,21,46,22,10,31,47,32,8,41,50,42,31,22,31,32,30,41,20,11,41,12,4,50,52,52,Viral Pneumonia-999
366,30,5,32,59,11,19,48,17,9,32,52,31,8,46,53,44,30,18,30,32,31,45,20,5,39,4,8,59,55,58,Viral Pneumonia-1048
367,29,8,30,58,14,20,45,20,10,33,49,32,8,46,54,45,29,20,29,33,29,45,22,8,39,7,5,58,54,58,Viral Pneumonia-1052
368,29,7,31,58,13,20,46,19,9,33,48,32,6,46,51,45,29,20,30,33,30,46,19,8,37,7,5,59,53,58,Viral Pneumonia-1062
369,32,7,30,58,14,19,50,20,9,31,55,33,6,44,56,46,32,20,31,32,31,45,22,7,43,7,4,56,57,58,Viral Pneumonia-1075
370,33,9,34,47,15,19,49,18,12,29,51,28,10,38,53,37,33,18,33,28,34,38,24,9,42,9,8,48,55,47,Viral Pneumonia-1080
371,30,6,31,55,15,18,45,18,12,31,49,30,11,43,51,42,30,18,31,30,31,43,20,6,40,6,9,56,54,55,Viral Pneumonia-1099
372,31,10,30,50,15,19,46,20,11,29,48,31,9,39,50,41,31,20,30,30,30,40,23,10,39,10,8,49,52,51,Viral Pneumonia-1100
373,32,7,30,50,13,17,49,19,10,28,51,29,7,38,52,40,32,18,31,29,31,39,21,7,43,8,6,49,54,51,Viral Pneumonia-1119
374,33,4,31,45,14,14,47,15,10,24,51,26,8,34,54,36,32,15,32,25,32,35,21,4,44,5,6,44,55,46,Viral Pneumonia-1134
375,31,12,32,51,13,22,49,21,10,32,52,31,9,41,53,41,31,21,31,31,31,41,19,12,44,11,8,51,55,51,Viral Pneumonia-1144
376,31,5,32,54,13,17,48,17,11,30,52,29,8,42,54,41,31,17,31,29,32,41,20,5,40,5,6,54,56,53,Viral Pneumonia-1151
377,29,8,36,59,10,23,49,18,8,37,53,30,8,50,56,43,31,20,32,33,34,46,17,9,38,6,8,63,58,56,Viral Pneumonia-1152
378,28,10,31,56,17,22,44,20,15,34,47,32,14,46,49,43,28,22,29,33,30,45,21,10,39,9,14,58,49,55,Viral Pneumonia-1161
379,33,6,31,56,15,18,49,19,11,30,53,32,8,43,55,44,32,18,32,31,31,44,25,5,42,6,5,55,57,57,Viral Pneumonia-1199
380,32,10,30,59,11,21,52,23,9,33,54,36,7,46,56,48,32,22,31,34,30,47,20,9,40,10,4,58,57,61,Viral Pneumonia-1200
381,30,11,32,60,16,24,47,23,12,36,51,35,10,48,54,47,31,23,31,36,31,48,22,11,42,11,6,60,56,59,Viral Pneumonia-1204
382,33,9,34,58,19,21,49,21,16,33,52,33,14,46,54,45,33,21,34,33,34,45,24,9,44,9,12,58,56,57,Viral Pneumonia-1208
383,33,12,32,60,16,23,49,24,12,35,52,36,10,47,54,48,33,24,32,36,32,48,23,11,44,12,10,59,55,60,Viral Pneumonia-1217
384,32,8,33,59,13,21,52,20,10,34,55,33,9,46,56,46,32,21,32,34,32,46,21,8,44,8,7,59,58,59,Viral Pneumonia-1220
385,32,7,34,58,18,20,46,19,16,33,49,32,14,46,52,44,32,20,33,32,34,45,24,7,40,6,13,59,54,57,Viral Pneumonia-1234
386,31,12,28,52,14,21,46,23,12,31,49,33,10,40,50,43,30,22,29,32,28,42,19,12,41,13,7,50,53,53,Viral Pneumonia-1253
387,32,8,29,53,14,18,48,20,11,29,50,31,8,40,53,43,31,19,31,30,30,42,18,7,44,8,5,52,54,54,Viral Pneumonia-1255
388,29,6,31,59,12,20,48,19,9,33,54,32,6,46,56,45,30,19,30,32,30,46,18,6,41,6,5,59,58,58,Viral Pneumonia-1272
389,33,10,31,54,12,20,53,22,9,31,56,33,8,42,56,44,32,21,32,32,31,43,20,10,46,11,6,53,56,56,Viral Pneumonia-1279
390,31,11,33,58,14,24,50,22,12,36,53,34,10,48,55,45,31,23,32,35,33,46,20,12,43,11,10,59,57,57,Viral Pneumonia-1297
391,32,11,32,56,13,22,52,23,10,33,54,34,8,44,56,45,32,22,32,34,32,44,21,11,43,11,7,55,57,56,Viral Pneumonia-1303
392,32,9,33,56,16,21,53,20,14,33,56,32,10,45,58,44,32,21,32,32,33,44,19,9,49,8,8,57,59,55,Viral Pneumonia-1314
393,27,10,31,59,12,24,47,21,11,36,50,33,10,48,53,45,28,22,29,34,30,47,18,11,39,9,8,60,55,57,Viral Pneumonia-1317
394,33,7,31,54,15,18,52,19,9,30,54,31,7,42,58,44,32,19,32,31,32,42,23,6,42,7,5,53,58,56,Viral Pneumonia-1323
395,31,11,32,57,14,23,48,22,10,34,52,33,8,46,54,45,31,22,31,34,32,45,20,11,43,11,7,57,54,56,Viral Pneumonia-1324
396,33,4,31,58,14,17,51,18,10,30,54,32,9,44,56,45,32,17,32,31,32,44,23,4,44,4,7,57,58,59,Viral Pneumonia-1326
397,27,6,39,58,11,23,49,15,11,37,54,27,12,50,58,40,30,19,33,32,36,45,16,9,42,3,13,63,60,53,Viral Pneumonia-1331
398,32,12,31,59,14,23,50,24,11,35,53,35,8,47,55,47,31,23,31,35,31,47,22,11,42,12,6,58,56,59,Viral Pneumonia-1334
399,31,8,30,53,14,18,48,19,9,30,54,31,6,41,56,42,31,19,31,30,30,42,21,7,41,8,5,52,57,54,Viral Pneumonia-1338
