797,27,6,39,58,11,23,49,15,11,37,54,27,12,50,58,40,30,19,33,32,36,45,16,9,42,3,13,63,60,53,Viral Pneumonia-1331
411,32,5,30,57,10,17,55,19,6,30,58,32,3,43,60,45,31,18,31,31,30,44,20,4,46,5,2,56,61,58,COVID-567
0,31,12,32,49,14,21,51,20,11,31,54,30,11,40,55,39,31,21,32,30,32,40,23,12,39,11,9,50,59,48,COVID-269
318,33,9,30,48,17,17,51,20,13,27,52,30,13,37,51,40,33,19,32,29,31,38,26,8,43,10,12,47,50,50,Normal-4005
555,32,11,28,56,12,20,49,23,8,32,50,35,5,42,50,46,31,22,30,33,29,44,21,10,41,12,2,54,51,57,Normal-5217
74,31,2,32,61,8,17,56,16,3,32,60,31,3,46,61,46,31,16,31,31,31,46,22,2,40,2,1,61,61,60,COVID-1066
553,32,12,33,46,11,20,54,20,9,29,56,29,8,38,56,37,32,20,32,29,32,38,21,12,46,12,5,46,58,46,Normal-5207
354,25,9,27,40,8,18,42,15,6,26,46,23,4,34,48,31,26,17,26,24,27,32,16,9,34,8,4,41,49,38,Normal-2267
66,39,14,37,50,22,22,53,23,18,31,57,33,17,40,59,42,38,23,38,32,37,41,31,13,45,14,15,49,60,51,COVID-2023
788,29,6,31,59,12,20,48,19,9,33,54,32,6,46,56,45,30,19,30,32,30,46,18,6,41,6,5,59,58,58,Viral Pneumonia-1272
554,31,9,32,50,12,19,51,19,11,29,53,29,9,40,56,39,31,19,31,29,32,39,21,9,43,9,6,50,57,49,Normal-5214
310,28,8,29,62,8,22,49,21,7,36,52,34,8,49,53,48,28,21,29,35,29,49,17,8,39,8,8,63,53,62,Normal-10115
452,31,12,33,50,14,22,49,20,11,31,53,30,10,41,55,39,32,21,32,30,32,40,22,12,39,11,9,50,56,49,Normal-66
181,32,10,32,58,13,21,48,22,9,34,54,34,7,46,55,46,32,22,32,34,32,46,20,9,42,10,7,58,56,58,Viral Pneumonia-425
711,34,7,31,55,18,18,48,20,12,30,53,32,11,42,54,44,33,19,32,31,32,43,26,6,43,7,9,54,55,57,Viral Pneumonia-439
610,32,11,31,51,12,20,52,22,10,30,53,32,8,40,53,42,31,21,31,31,31,41,22,11,43,12,7,50,54,51,Normal-8180
159,32,7,31,50,15,17,50,19,13,28,51,29,12,38,50,40,32,18,32,29,31,39,24,7,43,8,11,49,50,51,Normal-2306
608,30,7,32,54,12,20,51,18,10,31,54,29,9,43,56,41,30,19,31,30,32,42,21,8,42,6,8,55,57,53,Normal-8140
161,34,8,32,55,16,19,51,21,13,31,55,32,11,42,56,44,33,20,33,32,32,43,26,8,42,9,9,54,57,56,Normal-6797
575,36,9,33,47,13,17,58,20,11,26,59,30,10,36,58,39,35,19,34,28,34,37,28,9,44,10,9,45,58,48,Normal-6343
389,34,3,39,44,21,15,51,12,18,26,55,22,18,36,57,32,36,13,37,24,38,34,28,4,41,2,18,47,58,42,COVID-1751
664,32,8,30,50,8,17,54,20,5,28,56,31,4,38,57,41,31,19,31,29,30,40,21,8,44,9,4,49,56,52,Normal-10097
785,32,7,34,58,18,20,46,19,16,33,49,32,14,46,52,44,32,20,33,32,34,45,24,7,40,6,13,59,54,57,Viral Pneumonia-1234
13,32,3,33,37,16,11,49,11,14,20,52,20,13,28,53,28,32,11,32,20,33,28,24,3,39,3,11,37,54,37,COVID-855
517,33,8,33,54,13,19,54,20,11,31,57,31,9,42,58,43,33,19,33,31,33,42,24,8,43,8,7,54,59,54,Normal-3566
541,33,14,34,51,11,23,57,22,10,33,59,32,10,42,60,41,34,23,34,32,34,41,22,14,46,13,9,51,60,50,Normal-4576
364,32,12,37,40,21,21,45,17,19,28,48,24,19,36,51,30,33,19,34,26,35,33,25,13,38,11,19,43,53,37,COVID-477
579,34,10,32,52,14,19,54,22,12,30,56,32,10,40,58,43,34,20,33,31,32,42,26,9,42,10,6,50,60,54,Normal-6742
92,33,6,33,46,14,16,51,16,10,26,55,26,8,36,58,36,33,16,33,26,33,36,23,6,42,6,6,46,60,46,Normal-7712
125,33,8,33,42,15,16,52,16,13,25,53,25,13,34,52,34,33,16,33,25,33,34,24,8,45,8,12,42,53,42,Normal-8352
114,31,13,34,53,12,24,52,22,10,35,55,32,8,45,58,42,32,23,32,33,33,43,20,14,43,13,6,55,60,51,Normal-7293
698,35,6,28,57,12,16,53,21,9,28,54,35,6,41,54,48,33,18,31,31,29,44,23,4,45,7,4,54,53,61,Viral Pneumonia-265
581,33,10,32,56,12,21,53,22,10,33,55,33,11,44,54,45,32,22,32,33,32,44,23,10,43,10,10,56,54,56,Normal-6774
483,33,11,32,50,14,20,54,21,12,30,56,31,10,40,57,41,33,21,32,31,32,40,24,11,44,11,8,49,59,51,Normal-1675
702,31,3,32,62,14,18,49,17,10,33,53,32,10,48,56,47,31,18,31,32,32,47,20,3,43,2,8,63,58,62,Viral Pneumonia-328
786,31,12,28,52,14,21,46,23,12,31,49,33,10,40,50,43,30,22,29,32,28,42,19,12,41,13,7,50,53,53,Viral Pneumonia-1253
247,36,8,36,39,19,16,54,15,17,23,56,23,16,31,57,31,36,15,36,23,36,31,29,8,47,8,14,39,58,39,Normal-7156
729,36,4,30,48,21,13,47,17,18,24,48,28,16,35,50,40,35,15,33,26,32,37,26,3,43,5,14,46,51,51,Viral Pneumonia-658
189,31,2,32,53,13,15,50,15,9,28,53,27,8,41,56,40,31,15,32,28,32,40,21,3,41,2,8,54,56,53,Viral Pneumonia-28
713,33,8,29,58,16,19,48,22,11,31,54,35,8,44,55,47,32,20,31,33,30,45,24,7,43,8,5,56,56,60,Viral Pneumonia-452
132,32,3,34,43,15,14,49,12,13,24,53,22,12,34,55,32,32,13,33,23,33,33,21,3,42,2,11,44,56,42,Normal-8559
350,34,8,30,42,16,14,51,19,13,22,51,27,10,31,52,36,33,16,32,25,31,33,26,7,46,10,8,39,52,45,Normal-2045
205,31,12,28,46,15,19,49,21,13,27,50,30,13,36,51,39,30,20,30,29,29,37,23,11,43,12,12,45,52,48,Normal-1533
428,34,3,32,37,20,10,48,12,15,18,51,21,13,27,52,30,34,11,33,20,33,28,27,2,42,3,11,35,52,38,COVID-1753
527,33,6,34,47,14,17,53,16,13,27,55,26,11,38,57,36,33,17,33,27,33,37,23,7,45,6,10,48,58,47,Normal-4033
434,28,9,32,52,14,21,45,18,13,32,46,29,13,42,47,39,29,20,30,30,31,41,19,10,39,8,12,53,49,50,COVID-2243
491,32,11,32,48,14,20,49,20,13,29,50,30,12,38,53,39,32,20,32,30,32,39,24,10,41,11,11,48,55,49,Normal-2215
40,35,10,35,48,16,19,53,20,14,29,54,29,12,38,55,39,35,20,35,29,35,39,24,10,44,10,9,48,57,48,COVID-3130
89,34,4,33,50,16,15,50,16,13,26,53,27,11,38,54,39,33,16,33,27,33,38,25,4,43,4,9,49,56,50,Normal-1821
427,28,10,30,48,13,20,45,19,10,30,48,28,8,39,51,37,29,20,29,29,30,38,18,11,39,10,6,49,53,46,COVID-1727
776,31,5,32,54,13,17,48,17,11,30,52,29,8,42,54,41,31,17,31,29,32,41,20,5,40,5,6,54,56,53,Viral Pneumonia-1151
68,29,10,32,44,16,20,47,17,12,29,50,25,11,37,52,34,30,19,31,27,31,35,22,11,37,10,11,46,52,42,COVID-2527
76,34,5,36,49,16,17,53,16,14,28,56,26,13,39,57,37,34,16,35,27,35,38,26,5,42,5,12,50,58,48,COVID-2576
180,32,8,30,53,14,18,51,20,9,30,54,31,6,41,56,42,31,19,31,30,30,42,22,8,43,8,4,52,56,54,Viral Pneumonia-1322
121,34,8,33,47,15,17,51,18,13,27,53,28,11,37,54,38,34,18,33,28,33,37,23,7,43,8,9,46,56,48,Normal-2073
216,32,9,30,47,15,17,49,19,12,27,52,29,11,36,52,38,32,18,31,28,31,37,21,8,44,10,9,45,53,48,COVID-3493
139,32,9,32,61,12,22,51,22,9,35,54,35,8,48,57,48,32,22,32,35,32,48,22,9,41,9,6,61,58,61,Normal-1433
625,28,9,25,48,6,17,48,20,4,27,49,30,2,36,49,39,27,19,26,28,26,38,14,8,42,10,0,46,50,49,Normal-8613
298,30,9,31,46,14,19,46,17,11,28,49,27,10,37,51,36,30,18,31,27,31,37,19,9,41,8,9,47,52,45,Viral Pneumonia-847
118,32,10,32,49,13,20,51,20,10,30,54,29,7,39,57,39,32,20,32,29,32,39,23,10,43,10,5,49,58,49,Normal-4857
448,34,10,36,45,17,20,50,18,16,29,52,26,14,38,55,35,34,19,35,28,36,36,22,11,42,10,12,47,58,43,COVID-3399
195,34,4,34,55,16,16,49,16,13,29,52,29,11,42,54,42,34,16,34,29,34,42,23,3,43,4,10,55,56,55,Viral Pneumonia-1038
737,30,7,32,60,12,20,51,19,10,34,53,33,7,47,55,46,30,20,31,33,31,47,20,7,42,6,6,61,57,59,Viral Pneumonia-711
479,29,4,25,55,10,15,46,18,8,28,46,31,7,41,44,44,28,17,27,30,26,42,21,3,37,5,5,53,44,56,Normal-1487
94,32,7,31,46,13,16,51,17,11,26,53,27,9,35,53,36,32,17,32,26,32,36,23,7,42,7,9,45,53,46,Normal-4105
34,31,2,31,44,18,12,45,12,16,23,46,22,15,33,46,33,31,12,31,23,31,33,26,2,38,2,12,44,48,43,COVID-1248
484,34,9,32,46,17,17,51,19,14,26,52,28,13,36,53,38,33,18,33,27,32,37,26,8,42,9,11,45,54,47,Normal-1704
559,33,9,34,42,15,18,54,17,14,26,55,25,12,35,57,33,33,18,33,26,34,34,22,10,46,9,10,43,60,42,Normal-5354
761,32,14,32,59,14,25,49,25,10,36,52,36,8,47,54,48,32,25,32,36,32,48,21,14,43,14,5,59,57,59,Viral Pneumonia-958
792,32,9,33,56,16,21,53,20,14,33,56,32,10,45,58,44,32,21,32,32,33,44,19,9,49,8,8,57,59,55,Viral Pneumonia-1314
160,32,3,33,52,9,16,55,15,7,28,57,27,7,40,57,39,32,15,33,28,33,40,20,3,43,3,7,53,58,52,Normal-5201
744,32,4,32,58,14,17,50,17,12,31,53,30,12,44,54,44,32,17,32,31,32,44,22,4,40,4,11,58,56,58,Viral Pneumonia-774
404,30,10,32,51,13,21,45,20,11,31,48,30,10,42,49,40,31,20,31,31,31,41,21,10,36,10,11,52,50,51,COVID-194
14,31,12,31,63,10,25,52,24,8,38,54,37,7,50,57,50,31,25,31,37,31,50,23,12,39,12,6,63,59,62,COVID-1422
265,29,8,31,57,9,21,51,19,6,34,55,31,5,46,58,43,30,20,30,32,31,45,17,9,43,7,5,58,56,55,COVID-1656
119,34,9,32,51,15,18,52,20,10,29,55,31,7,39,58,42,34,19,33,30,33,41,26,8,43,9,5,50,60,52,Normal-805
82,32,6,32,53,14,18,53,17,11,29,55,29,10,41,56,41,32,18,32,29,32,41,24,6,44,6,8,53,56,53,Normal-7660
429,31,8,32,53,12,20,51,19,10,31,53,30,9,42,54,42,32,19,32,31,32,42,19,8,44,8,8,54,54,53,COVID-1886
614,31,9,32,49,12,20,50,19,10,30,52,29,8,40,55,39,31,19,31,29,32,39,20,9,42,9,7,50,56,49,Normal-8291
619,39,10,36,41,22,16,55,19,20,24,56,27,18,32,56,35,38,18,37,26,37,33,30,9,48,11,17,39,56,43,Normal-8346
88,32,5,29,45,12,13,49,16,10,24,51,26,9,34,51,37,31,15,30,25,30,35,20,4,41,5,7,44,52,47,Normal-8726
107,31,1,32,54,10,15,51,14,8,28,54,27,6,42,56,40,31,14,31,28,32,41,21,1,40,1,5,55,59,54,Normal-9417
17,37,5,37,51,14,17,59,16,11,28,62,28,9,40,63,39,37,17,37,28,37,40,26,5,47,5,8,52,63,51,COVID-3363
700,32,8,31,61,11,21,51,22,8,34,56,35,6,47,56,48,32,21,32,34,31,47,20,8,43,8,4,60,58,61,Viral Pneumonia-276
172,35,6,30,58,14,17,52,20,10,30,56,34,8,42,56,47,34,19,33,32,32,45,24,5,45,6,6,56,56,60,Viral Pneumonia-549
386,37,7,43,40,24,18,55,12,22,27,60,20,22,36,63,28,39,15,40,24,42,32,30,8,44,5,22,44,63,36,COVID-1540
755,31,6,32,59,14,20,46,19,11,33,50,32,8,46,51,46,31,19,31,33,32,46,20,6,39,6,6,59,54,59,Viral Pneumonia-885
103,35,11,34,49,15,20,54,21,14,30,54,31,13,39,55,40,35,20,34,30,34,40,24,11,49,11,10,48,56,50,Normal-2520
529,32,7,31,46,13,16,53,17,11,26,54,27,9,36,55,37,32,17,32,27,32,36,24,7,43,7,7,46,57,47,Normal-4208
340,28,19,29,38,16,24,39,23,15,29,41,28,14,34,43,33,28,24,28,28,29,33,21,19,34,18,14,39,44,38,Normal-1882
432,24,7,21,36,10,13,36,15,9,20,38,23,8,28,37,30,23,14,22,22,22,29,16,6,33,8,9,35,37,38,COVID-2217
414,34,11,34,47,19,20,50,20,17,29,52,29,15,38,54,38,34,20,34,29,34,38,26,11,42,10,14,47,55,47,COVID-847
734,32,8,32,56,10,20,51,20,8,32,55,32,4,43,56,44,32,20,32,32,32,44,21,8,43,8,2,55,59,56,Viral Pneumonia-689
45,30,14,31,56,13,24,47,24,10,35,49,35,7,46,51,45,30,24,30,35,31,46,22,14,39,14,4,57,54,56,COVID-2112
373,29,11,34,54,12,24,50,20,10,35,53,30,9,46,55,41,30,22,32,33,33,44,18,12,42,10,8,57,57,52,COVID-782
587,32,3,32,49,10,15,56,14,9,26,56,26,7,38,56,37,32,15,32,26,32,38,20,3,45,3,6,49,57,49,Normal-7060
403,33,16,31,56,16,25,51,27,12,34,54,37,9,44,55,47,33,26,32,36,31,46,24,15,44,16,7,54,56,57,COVID-148
624,31,8,29,58,12,20,50,22,10,32,52,34,8,44,54,46,30,21,30,33,29,45,20,8,44,9,7,56,54,59,Normal-8584
576,32,14,33,53,12,25,51,23,8,35,55,33,6,44,57,43,32,24,32,34,33,44,21,15,41,14,5,54,58,52,Normal-6469
11,34,10,36,41,18,18,51,16,15,26,54,24,15,34,54,32,34,18,35,25,35,33,26,10,42,9,16,42,55,40,COVID-3039
214,26,11,34,51,10,24,48,17,7,35,52,27,8,46,56,36,28,21,30,31,32,41,16,13,38,8,9,56,59,46,Normal-1236
573,34,12,34,59,12,24,55,24,9,35,57,35,8,47,58,47,34,24,34,35,34,47,21,12,48,12,5,59,62,59,Normal-6258
147,34,8,33,47,14,17,52,18,11,27,55,28,8,37,58,38,34,18,33,28,33,38,22,8,45,8,5,46,60,48,Normal-9992
593,35,12,34,57,18,23,51,23,16,34,54,35,14,45,55,46,35,23,34,34,34,45,26,12,43,12,12,56,58,57,Normal-7343
750,37,2,32,58,10,13,60,18,7,27,62,32,6,41,63,46,35,16,34,30,33,44,20,0,53,3,6,55,63,60,Viral Pneumonia-806
635,33,10,33,50,14,20,53,20,12,30,54,30,11,40,55,40,33,20,33,30,33,40,24,10,44,10,8,50,57,50,Normal-9073
639,28,5,28,59,6,18,50,19,4,32,53,32,2,45,54,45,28,19,28,32,28,45,16,5,40,5,3,59,54,59,Normal-9188
173,29,5,30,60,12,19,48,18,9,33,51,32,8,47,52,46,30,19,30,33,30,46,20,5,40,5,7,60,54,60,Viral Pneumonia-370
274,33,3,33,44,10,13,57,14,8,23,59,24,8,33,58,34,33,13,33,23,33,33,21,3,47,4,7,43,59,44,Normal-8981
226,34,6,31,51,15,16,52,18,10,27,56,30,7,38,57,41,33,17,33,28,32,39,24,5,44,6,5,49,57,52,Viral Pneumonia-149
31,34,1,31,52,17,13,49,15,13,25,51,28,10,38,53,40,33,14,32,27,31,39,24,1,41,2,7,50,54,53,COVID-1238
634,35,7,32,57,15,18,54,21,13,31,55,33,10,43,58,46,35,20,34,32,33,45,23,6,48,8,8,56,60,59,Normal-9032
758,32,11,31,56,16,22,42,23,12,33,42,34,11,44,41,45,32,22,32,33,31,45,23,11,40,12,10,55,41,56,Viral Pneumonia-932
446,34,8,33,58,12,20,56,20,10,32,57,33,8,45,58,46,34,20,34,33,33,45,22,7,50,8,6,58,60,58,COVID-3200
299,30,7,32,49,12,18,50,16,9,28,53,27,8,39,56,37,31,17,31,28,31,38,19,7,42,6,6,50,57,48,Viral Pneumonia-1265
730,31,8,32,63,12,22,50,22,8,36,55,35,6,50,55,49,31,22,31,36,31,49,21,9,40,8,6,63,58,63,Viral Pneumonia-671
116,31,2,33,51,14,15,49,13,13,27,52,25,12,39,54,37,31,14,32,26,32,38,22,2,40,1,12,52,54,50,Normal-6393
286,34,5,34,42,15,14,54,14,9,24,59,23,6,33,61,33,34,14,34,24,34,33,25,5,45,5,5,42,62,42,COVID-670
95,29,2,32,55,10,16,51,13,8,30,54,27,6,44,58,40,30,15,31,28,32,42,18,3,41,1,5,57,61,53,Normal-3168
323,36,12,30,50,17,18,50,24,12,27,52,34,9,37,53,44,35,22,33,31,31,40,26,10,45,13,7,46,53,54,Normal-238
421,35,6,33,42,19,14,52,16,17,23,54,26,15,32,56,35,35,15,34,24,33,33,27,6,46,7,13,41,58,44,COVID-1397
311,37,7,33,50,16,16,54,19,14,27,55,30,12,37,55,41,36,18,35,28,34,39,25,6,47,8,10,48,55,52,Normal-2744
346,31,12,36,38,15,22,48,15,14,29,53,21,15,36,55,27,32,18,34,25,35,32,21,14,39,10,17,42,57,34,Normal-1945
372,35,7,31,52,11,16,55,20,8,27,57,32,5,38,58,43,34,18,33,30,32,41,24,6,46,8,4,49,58,54,COVID-727
399,38,10,45,49,24,23,56,17,24,33,59,26,25,42,61,36,39,20,41,30,43,39,31,12,46,9,26,52,63,45,COVID-2705
62,28,6,30,52,13,18,46,17,11,30,48,28,10,41,50,40,28,18,29,29,29,40,22,7,35,6,7,52,53,51,COVID-1143
480,29,11,29,41,13,18,45,18,10,26,49,26,8,34,50,34,29,18,29,26,29,34,21,11,37,11,8,41,51,41,Normal-1500
551,33,4,28,53,12,14,52,18,9,26,52,31,6,38,52,43,32,16,31,29,30,41,22,3,44,5,4,51,52,56,Normal-5152
184,32,7,33,56,12,20,52,19,10,32,54,31,9,44,55,43,32,19,32,31,32,44,21,7,43,7,8,56,57,55,Viral Pneumonia-199
91,32,3,32,45,12,14,49,13,10,24,51,24,8,35,52,34,32,14,32,24,32,34,22,3,40,3,8,45,52,45,Normal-5711
774,33,4,31,45,14,14,47,15,10,24,51,26,8,34,54,36,32,15,32,25,32,35,21,4,44,5,6,44,55,46,Viral Pneumonia-1134
543,32,8,31,51,12,18,54,19,9,29,55,30,5,40,57,41,32,19,32,30,32,40,20,8,46,8,5,50,57,52,Normal-4649
650,30,15,30,47,16,22,45,23,13,30,48,31,12,38,48,39,30,23,30,31,30,39,22,14,38,15,12,46,48,47,Normal-9470
29,29,8,32,43,14,18,47,15,12,27,49,24,12,35,50,32,30,16,31,25,31,34,22,8,36,7,10,44,52,41,COVID-2459
54,33,7,33,54,13,19,52,19,11,31,54,31,9,42,55,42,33,19,33,31,33,42,24,7,42,7,7,54,57,54,COVID-1818
305,33,7,32,51,12,17,53,18,9,28,55,29,7,39,58,40,33,18,32,29,32,40,20,6,44,7,4,51,60,52,Normal-7314
334,31,18,32,44,18,25,44,24,17,32,46,30,17,39,48,37,31,25,32,31,32,38,23,18,38,18,17,45,49,43,Normal-1466
791,32,11,32,56,13,22,52,23,10,33,54,34,8,44,56,45,32,22,32,34,32,44,21,11,43,11,7,55,57,56,Viral Pneumonia-1303
146,31,7,30,46,8,16,53,17,3,26,57,27,1,36,58,37,30,16,30,26,30,36,18,6,43,7,1,45,59,47,Normal-7718
482,32,7,33,47,13,18,50,17,12,28,53,27,10,38,56,36,32,17,32,27,32,37,24,8,40,7,8,48,58,46,Normal-1657
549,30,10,29,50,14,19,47,20,10,29,47,31,10,40,47,41,30,20,30,30,29,40,22,10,40,10,9,50,48,51,Normal-5077
669,33,1,32,54,14,14,51,15,10,27,55,28,9,40,55,41,33,14,32,28,32,41,20,1,46,1,7,54,56,55,Viral Pneumonia-18
613,33,16,34,46,18,24,50,23,16,31,52,30,14,39,53,38,33,23,34,31,34,38,24,16,44,16,11,46,54,46,Normal-8266
426,34,8,33,51,11,18,55,19,8,29,58,30,5,40,60,41,33,19,33,30,33,40,20,8,48,8,2,51,61,52,COVID-1678
165,32,8,32,58,14,21,52,21,12,33,54,33,10,46,56,46,32,21,32,33,32,46,24,8,44,8,8,58,58,58,Normal-6404
435,29,11,30,52,12,22,46,21,11,32,48,32,11,42,49,42,29,22,29,32,29,42,20,11,39,11,8,52,51,52,COVID-2255
80,33,9,33,55,14,21,53,21,11,32,55,32,9,44,58,43,33,21,33,32,33,43,25,9,43,9,5,55,60,54,Normal-1837
453,31,7,33,54,15,19,51,18,10,31,55,30,9,43,57,42,32,19,32,31,32,42,23,7,39,6,9,55,57,54,Normal-102
259,29,8,28,52,15,18,43,19,13,29,45,31,10,40,48,42,29,19,28,30,28,41,20,7,39,8,7,52,50,53,Viral Pneumonia-1249
9,31,10,31,46,14,19,49,20,11,28,51,28,9,36,53,37,31,19,31,28,31,37,23,10,39,11,9,45,53,46,COVID-2474
544,33,5,33,56,13,18,54,18,10,31,56,31,8,44,57,43,33,18,33,31,33,44,22,5,46,5,7,56,58,56,Normal-4851
388,31,17,38,55,16,30,51,23,14,40,56,32,13,50,59,41,33,26,35,36,36,46,22,19,43,15,12,60,63,50,COVID-1591
657,34,8,34,48,14,18,54,18,12,28,56,28,10,38,58,38,34,18,34,28,34,38,26,8,42,8,8,48,61,48,Normal-9804
179,33,8,33,58,14,21,51,20,11,33,55,33,9,46,56,46,33,20,33,33,33,46,22,8,43,8,9,58,57,58,Viral Pneumonia-588
27,31,4,32,39,11,13,50,12,9,21,53,21,8,30,53,30,31,12,31,21,31,30,23,4,39,4,8,39,54,38,COVID-1051
597,32,2,32,40,17,12,49,11,14,21,51,21,13,31,54,30,32,11,32,21,32,30,22,2,42,2,10,40,56,40,Normal-7606
293,32,8,30,48,12,17,49,18,9,27,53,28,6,37,54,39,31,18,31,28,31,38,21,7,41,8,5,47,55,49,Viral Pneumonia-400
394,32,2,24,53,11,11,48,18,7,24,48,31,5,37,47,44,30,15,28,28,26,40,22,0,42,3,4,50,45,57,COVID-2287
5,29,7,31,54,8,19,51,18,4,31,56,29,4,43,57,41,30,19,30,30,30,42,18,7,40,6,6,55,60,53,COVID-1405
197,32,4,30,53,14,16,50,18,11,28,53,30,9,40,54,42,32,17,31,29,30,41,22,4,42,5,8,52,54,54,Viral Pneumonia-285
631,34,5,34,50,15,17,52,16,13,28,53,28,12,39,54,39,34,16,34,28,34,39,23,5,45,5,10,50,56,50,Normal-8874
629,32,8,31,49,12,18,51,18,10,28,54,28,8,38,55,39,32,18,32,28,31,38,22,7,44,8,6,48,56,49,Normal-8782
535,30,12,34,57,13,25,50,22,11,36,52,33,12,48,53,44,31,23,32,34,33,46,20,13,41,11,12,59,55,56,Normal-4415
261,37,12,38,47,22,21,53,20,19,30,54,29,18,39,55,38,37,21,37,30,37,38,28,12,47,11,17,48,55,47,COVID-824
368,25,8,32,49,8,22,46,15,5,33,51,25,5,44,54,35,26,19,28,29,30,39,14,10,36,6,5,54,57,45,COVID-575
494,31,8,31,47,12,18,50,18,10,27,52,28,7,37,55,37,31,18,31,27,31,37,22,8,42,8,4,46,58,47,Normal-2372
502,33,8,33,51,11,19,54,19,10,30,56,29,6,41,58,40,33,19,33,30,33,40,20,8,46,8,5,52,60,51,Normal-2827
38,35,12,32,44,17,19,51,21,14,26,54,30,12,34,55,38,34,20,34,28,33,36,27,12,43,13,11,42,56,46,COVID-726
687,31,1,31,62,12,16,57,17,10,31,57,32,9,47,59,47,31,16,31,32,31,47,13,1,55,2,8,62,61,62,Viral Pneumonia-203
374,43,15,36,45,27,19,56,26,20,26,57,34,17,33,58,42,41,23,39,30,37,38,36,14,50,17,15,40,57,50,COVID-914
331,33,13,28,47,17,19,46,24,13,27,48,33,10,35,51,42,32,21,31,30,29,38,24,11,42,14,7,44,51,50,Normal-764
162,31,10,29,53,11,20,50,22,9,31,52,32,8,41,53,43,31,21,30,32,30,42,19,10,45,11,5,52,54,54,Normal-2525
67,37,6,38,44,19,16,56,15,16,26,58,24,15,35,60,34,37,16,38,25,38,35,29,6,45,6,13,45,60,44,COVID-969
124,35,11,30,58,13,21,52,25,8,33,55,37,7,44,56,49,34,23,32,35,31,47,24,10,42,12,5,56,56,61,Normal-1035
39,41,11,41,44,26,19,58,19,22,28,60,27,20,36,61,35,41,19,41,27,41,36,33,11,49,11,17,44,63,44,COVID-989
4,31,2,31,53,14,15,48,15,13,28,49,28,13,41,50,40,31,15,31,28,31,41,24,2,38,2,12,53,52,53,COVID-3333
33,30,18,31,61,14,28,46,28,12,40,48,39,9,50,49,50,31,28,31,39,31,50,22,18,37,17,7,62,52,61,COVID-1803
363,24,16,29,58,6,29,45,24,2,40,51,34,1,51,54,45,25,26,26,37,28,48,13,17,34,15,2,61,56,55,COVID-449
632,35,6,37,60,12,21,58,19,11,34,58,32,10,48,60,46,35,20,36,33,36,47,21,7,49,6,10,61,60,59,Normal-8914
335,25,23,30,43,13,31,36,26,12,37,40,30,11,42,43,35,26,28,27,33,28,38,17,25,30,22,11,47,44,40,Normal-1537
280,31,10,32,51,14,21,47,19,12,31,50,30,11,42,52,40,31,20,31,30,32,41,22,10,38,9,10,52,53,50,Normal-10027
742,39,3,31,54,17,12,55,18,13,25,56,31,9,37,58,45,37,15,35,28,33,41,21,0,52,5,6,50,61,58,Viral Pneumonia-752
99,33,6,33,59,11,19,54,19,11,32,55,32,11,46,55,45,33,19,33,32,33,46,24,6,41,6,10,59,56,58,Normal-1298
585,32,8,32,52,11,18,53,19,9,30,55,30,7,41,57,41,32,19,32,30,32,41,21,8,44,8,5,52,58,52,Normal-7025
605,34,9,34,34,14,16,52,15,11,22,55,21,10,28,57,28,34,16,34,22,34,28,22,9,44,9,9,34,59,34,Normal-7961
236,31,11,29,54,14,21,48,22,11,32,49,33,7,42,53,44,30,22,30,32,29,43,19,11,43,11,4,53,55,55,Viral Pneumonia-968
419,33,4,34,45,16,15,50,14,14,25,53,24,13,35,54,34,33,14,33,25,34,35,27,4,39,4,14,45,54,44,COVID-1313
473,32,10,33,55,10,21,50,21,7,32,54,32,6,44,57,43,32,21,32,32,32,43,23,10,40,10,6,55,59,54,Normal-1354
375,43,4,40,42,25,12,57,15,22,21,58,25,20,30,58,34,42,14,41,23,40,32,35,4,52,5,18,39,58,43,COVID-947
385,34,11,38,43,19,21,50,17,17,29,53,25,18,37,55,33,35,19,36,27,37,35,27,12,40,11,19,45,56,41,COVID-1498
602,32,10,28,50,12,18,48,22,9,28,49,32,9,38,49,42,31,20,30,30,29,40,21,9,42,11,8,47,49,52,Normal-7892
501,32,4,32,61,13,18,51,18,10,32,54,32,5,47,58,46,32,18,32,32,32,46,24,4,41,3,2,61,60,60,Normal-2807
353,39,24,34,50,26,28,53,34,23,34,54,41,19,40,54,48,37,31,36,37,35,44,33,23,48,26,17,47,54,54,Normal-2121
352,37,12,37,34,26,18,48,17,23,23,51,23,22,29,53,28,37,18,37,23,37,29,31,12,43,12,21,34,54,34,Normal-2095
530,29,12,29,47,8,20,50,21,6,29,51,30,5,38,52,38,29,21,29,30,29,38,19,12,40,12,4,47,53,47,Normal-4262
720,32,3,30,58,15,16,48,17,9,30,52,31,7,43,53,45,32,17,31,30,31,44,24,3,40,4,6,57,56,58,Viral Pneumonia-540
12,31,1,31,49,14,13,49,13,11,25,53,25,10,37,54,37,31,13,31,25,31,37,23,1,39,1,9,49,57,50,COVID-80
186,36,8,29,48,18,16,50,21,11,25,53,32,8,35,54,42,34,18,32,28,31,38,25,7,44,10,7,45,54,52,Viral Pneumonia-506
509,33,9,32,46,14,18,54,19,12,27,56,28,10,36,57,37,33,18,33,28,32,37,24,9,45,10,7,45,59,47,Normal-3145
690,32,6,32,56,12,18,50,18,8,31,54,31,7,43,56,43,32,18,32,31,32,43,24,6,40,6,6,55,56,56,Viral Pneumonia-223
724,34,8,32,60,13,20,54,22,11,33,55,35,10,46,56,48,34,21,33,34,33,47,22,7,45,8,8,59,56,61,Viral Pneumonia-600
260,31,11,33,49,13,22,47,19,11,31,50,28,8,41,54,38,31,20,32,30,33,39,19,12,43,10,6,50,57,47,Viral Pneumonia-890
488,32,6,31,53,11,17,53,18,9,29,54,29,8,41,55,41,32,18,31,29,31,41,23,6,42,6,9,52,54,53,Normal-2072
333,26,12,32,56,6,26,49,20,4,38,52,31,4,49,56,42,27,23,29,34,30,45,13,14,38,11,5,60,58,53,Normal-1211
153,32,7,34,42,17,16,48,15,15,25,51,23,13,34,52,32,32,16,33,24,33,33,24,7,41,6,10,43,54,41,Normal-5497
552,32,10,29,62,11,22,50,24,8,34,51,37,4,47,53,50,31,23,30,36,30,49,22,9,40,10,1,60,56,63,Normal-5182
304,33,12,34,37,21,19,45,18,18,25,48,24,16,31,50,30,33,18,33,24,34,31,26,13,39,12,16,37,52,36,Normal-8144
200,30,13,32,46,11,22,50,21,8,31,54,29,7,39,56,37,31,21,31,30,31,38,18,14,42,13,6,47,58,45,Normal-625
762,33,6,32,56,14,18,49,19,12,31,51,31,9,43,53,44,32,19,32,31,32,44,21,6,44,6,8,55,55,56,Viral Pneumonia-988
571,35,8,32,58,15,19,54,21,11,31,55,34,10,44,56,47,34,20,33,33,32,46,24,7,45,8,8,57,58,60,Normal-6188
78,37,5,34,55,13,16,57,18,9,28,60,31,6,40,60,44,36,17,36,30,35,42,25,4,48,5,3,53,60,56,COVID-1453
312,37,9,37,41,19,17,55,17,16,25,58,25,15,33,60,33,37,17,37,25,37,33,26,9,48,10,12,41,60,41,Normal-5861
723,42,16,29,44,27,17,55,30,22,23,55,38,15,29,54,46,38,23,36,30,32,36,35,12,51,20,10,35,54,54,Viral Pneumonia-595
584,32,8,33,45,18,17,49,16,15,27,51,26,15,36,52,35,32,17,32,26,33,36,24,8,41,7,14,46,54,44,Normal-6957
42,31,9,31,51,12,20,49,19,10,30,51,30,8,41,53,40,31,20,31,30,31,41,23,9,39,9,6,52,56,51,COVID-443
133,31,14,30,59,10,25,51,26,8,36,53,37,5,47,54,48,31,25,31,36,30,48,19,14,42,14,2,58,56,60,Normal-7545
563,32,11,30,46,13,19,49,21,10,27,51,30,10,36,52,38,31,20,31,29,30,37,22,10,41,12,8,45,53,47,Normal-5674
455,29,12,32,52,12,23,49,20,10,34,53,30,8,44,55,40,30,22,31,32,32,42,20,13,39,11,8,54,56,50,Normal-173
652,31,9,30,51,13,19,48,20,11,30,49,30,10,40,50,41,30,20,30,30,30,41,20,9,41,9,7,51,51,52,Normal-9553
250,33,2,32,49,12,14,54,14,9,25,57,26,7,37,58,38,32,14,32,26,32,37,21,2,46,3,6,48,60,49,Normal-7806
662,32,6,29,48,11,15,51,18,9,25,52,28,7,36,54,39,31,16,30,27,30,37,22,5,42,7,4,46,54,50,Normal-9953
507,31,7,30,56,16,19,49,20,12,31,51,32,10,43,52,44,31,19,31,32,30,44,25,7,42,7,8,55,53,57,Normal-3043
392,34,13,31,57,18,23,48,25,15,34,49,36,13,44,48,47,33,24,32,35,32,46,26,12,42,14,10,55,48,58,COVID-2242
192,33,13,32,47,15,21,49,22,11,30,54,31,9,38,56,39,33,22,33,30,33,39,22,13,43,13,8,47,56,48,Viral Pneumonia-386
220,32,6,31,53,13,17,48,18,10,29,52,30,7,41,54,42,31,18,31,29,31,41,19,5,44,6,5,53,56,54,Viral Pneumonia-1007
472,29,10,33,58,9,24,52,21,8,36,56,32,8,48,57,44,30,22,31,34,32,46,21,11,37,10,8,60,58,56,Normal-1227
447,35,7,35,36,15,14,54,14,13,21,56,22,13,29,57,29,35,14,35,22,35,29,22,7,47,7,12,36,57,37,COVID-3218
601,34,7,32,48,12,16,54,18,9,26,56,28,6,36,56,39,33,17,33,27,32,38,24,6,44,7,6,47,56,49,Normal-7784
30,33,10,33,50,12,20,52,20,9,30,55,30,7,40,57,40,33,20,33,30,33,40,22,10,41,10,3,50,60,50,COVID-352
611,34,6,32,48,10,15,59,18,8,26,61,29,5,36,62,39,34,16,33,27,33,38,20,5,51,7,4,47,62,50,Normal-8205
546,32,9,31,56,14,20,49,21,11,32,51,33,9,44,52,44,31,21,31,32,31,44,22,9,43,10,7,55,54,56,Normal-4953
157,32,2,31,39,16,11,48,12,13,20,50,21,12,29,50,31,32,12,32,21,31,30,22,2,41,2,10,39,51,40,Normal-7848
574,33,9,32,46,12,18,55,19,11,27,56,28,10,36,56,38,33,18,32,28,32,37,22,9,49,9,7,46,57,47,Normal-6335
272,29,6,31,49,13,18,48,16,9,29,52,26,7,39,54,37,30,17,30,27,31,38,18,7,41,6,6,50,57,47,Viral Pneumonia-819
768,29,7,31,58,13,20,46,19,9,33,48,32,6,46,51,45,29,20,30,33,30,46,19,8,37,7,5,59,53,58,Viral Pneumonia-1062
459,31,10,34,60,15,23,50,21,12,36,56,34,11,48,57,46,32,22,32,35,33,48,23,10,41,9,11,61,58,59,Normal-409
306,32,9,32,48,11,19,52,18,8,29,54,28,6,38,56,38,32,19,32,28,32,38,19,9,43,9,4,48,58,47,Normal-7327
495,33,11,31,49,15,19,51,21,11,29,52,30,10,38,53,40,32,20,32,30,32,39,25,10,43,11,9,48,53,50,Normal-2510
603,36,8,36,46,22,18,52,18,20,27,54,27,18,36,55,37,36,18,36,27,36,36,28,8,45,8,17,45,54,46,Normal-7909
102,34,14,32,40,16,19,49,22,13,25,51,29,12,31,51,35,34,21,33,27,32,33,25,14,42,15,10,38,51,41,Normal-7874
52,30,10,31,48,11,20,50,19,9,29,52,28,9,39,52,38,30,19,31,29,31,38,21,10,40,10,7,48,53,48,COVID-1104
156,34,6,34,48,13,16,53,16,10,27,56,27,9,38,58,37,34,16,34,27,34,38,22,6,44,5,8,48,59,48,Normal-6262
457,34,7,32,54,15,18,49,19,11,29,54,31,9,41,56,43,34,18,33,30,33,42,28,6,40,7,7,53,57,55,Normal-185
402,36,2,34,52,16,14,51,15,13,27,53,28,13,39,53,40,35,15,35,27,34,40,26,2,44,3,12,52,52,53,COVID-73
654,31,6,31,52,13,18,51,17,10,29,54,29,9,40,56,40,31,18,31,29,31,40,23,6,42,6,7,52,58,51,Normal-9558
97,34,3,34,39,15,12,52,11,13,21,55,20,12,30,56,29,34,12,34,21,34,30,24,3,43,2,11,39,56,38,Normal-1950
512,32,8,32,49,14,18,49,18,12,28,52,29,11,38,54,39,32,18,32,28,32,39,24,8,40,8,10,49,56,49,Normal-3204
128,32,1,32,53,11,14,52,14,8,27,55,27,7,40,56,40,32,14,32,27,32,40,21,1,43,1,6,54,58,53,Normal-5766
378,32,14,29,41,20,19,44,22,16,25,47,29,14,32,49,36,31,20,31,27,30,34,27,13,38,14,12,39,50,43,COVID-998
177,31,4,35,60,14,19,51,17,11,34,55,30,9,48,57,44,32,18,33,32,34,46,21,4,43,3,8,62,58,59,Viral Pneumonia-747
347,34,8,41,39,18,20,54,12,16,29,60,19,17,36,63,26,36,16,38,24,40,32,24,11,43,6,18,44,63,34,Normal-1978
110,30,7,30,47,10,17,48,17,8,27,50,27,7,37,52,37,30,17,30,27,30,37,21,7,38,7,7,47,53,47,Normal-4235
599,35,13,31,62,16,23,54,27,14,35,56,39,12,48,56,52,34,25,33,37,32,49,24,12,46,14,9,60,56,63,Normal-7728
379,35,13,41,48,18,25,54,19,15,34,58,27,15,43,62,36,36,22,38,31,39,40,26,14,44,11,15,52,63,45,COVID-1028
191,32,8,31,59,11,20,49,21,8,33,53,34,6,45,54,46,32,20,32,33,31,46,20,8,41,8,4,58,55,59,Viral Pneumonia-542
433,26,8,26,51,6,19,48,19,4,29,50,30,2,40,52,40,26,19,26,30,26,40,16,8,41,8,1,50,53,51,COVID-2238
343,28,14,35,46,16,24,44,19,14,33,48,26,13,42,51,34,30,22,32,30,33,38,23,15,35,12,14,50,52,43,Normal-1932
578,30,11,30,48,13,20,48,21,11,29,51,30,10,38,52,39,30,20,30,29,30,38,22,11,40,11,9,47,54,48,Normal-6642
142,32,9,33,49,12,19,51,19,10,29,54,28,8,39,55,38,32,19,33,29,33,39,20,9,42,9,8,49,56,48,Normal-9308
794,33,7,31,54,15,18,52,19,9,30,54,31,7,42,58,44,32,19,32,31,32,42,23,6,42,7,5,53,58,56,Viral Pneumonia-1323
6,32,5,32,58,7,18,56,18,5,32,57,31,5,45,58,45,32,18,32,32,32,45,24,5,40,5,5,59,60,58,COVID-1139
496,32,8,32,46,11,18,52,17,9,27,55,27,8,37,58,36,32,18,32,27,32,36,22,8,40,8,6,46,60,46,Normal-2545
267,34,14,34,45,15,21,54,22,13,29,56,30,12,37,56,38,34,22,34,30,34,37,23,14,49,14,11,45,56,46,Normal-8438
622,32,11,31,46,13,19,52,20,11,28,54,29,10,36,55,38,32,19,32,28,31,37,22,10,45,11,8,45,57,47,Normal-8432
237,37,6,35,48,12,15,61,18,9,26,62,29,8,36,60,39,36,17,36,27,35,38,22,5,55,7,6,46,61,50,Normal-8661
766,30,5,32,59,11,19,48,17,9,32,52,31,8,46,53,44,30,18,30,32,31,45,20,5,39,4,8,59,55,58,Viral Pneumonia-1048
400,31,8,32,61,10,22,52,21,8,35,55,34,5,48,57,47,31,21,31,34,31,48,20,8,45,8,4,61,58,60,COVID-35
383,22,13,33,50,2,29,41,17,2,39,47,26,2,49,50,34,25,22,27,31,30,41,10,16,28,11,4,58,53,44,COVID-1258
58,28,8,29,51,8,19,48,18,7,30,51,29,6,41,53,39,28,19,29,29,29,40,18,8,38,7,5,52,52,50,COVID-3413
647,35,6,34,41,15,14,54,15,12,23,56,24,10,32,57,32,35,15,35,23,35,32,23,6,47,6,8,40,58,41,Normal-9349
232,32,3,30,58,12,16,51,18,7,30,55,31,5,43,57,45,31,17,31,31,31,44,21,3,43,4,5,57,57,59,Viral Pneumonia-543
733,31,8,29,55,10,19,52,21,8,30,53,33,6,42,55,44,31,20,30,32,30,43,20,8,42,9,5,54,55,56,Viral Pneumonia-684
659,32,9,30,50,14,19,49,20,12,29,52,31,10,39,53,41,31,20,31,30,30,40,21,9,43,10,8,49,55,51,Normal-9863
203,30,10,29,44,11,18,47,19,9,27,48,27,7,35,50,36,29,19,29,27,29,36,16,10,41,10,5,44,51,44,Normal-9390
567,28,6,29,52,8,18,48,17,6,29,50,28,4,40,52,40,28,17,28,29,28,40,18,6,39,6,2,52,54,51,Normal-5936
284,32,6,33,48,15,17,50,16,10,28,54,26,9,38,55,37,32,17,32,27,33,38,21,6,41,6,8,49,56,47,Viral Pneumonia-94
511,32,8,32,43,14,17,51,17,12,26,53,26,11,34,54,35,32,17,32,26,32,34,24,8,42,8,10,43,55,44,Normal-3177
2,32,4,30,60,4,17,60,18,1,31,63,32,1,45,63,46,31,18,31,32,31,46,22,3,42,4,1,59,62,60,COVID-369
783,33,12,32,60,16,23,49,24,12,35,52,36,10,47,54,48,33,24,32,36,32,48,23,11,44,12,10,59,55,60,Viral Pneumonia-1217
474,31,14,31,55,12,24,51,24,10,34,54,34,8,44,56,44,31,24,31,34,31,44,23,14,39,14,6,55,58,54,Normal-1379
217,32,6,32,51,14,17,51,17,11,28,53,29,9,39,56,40,32,17,32,28,32,40,21,5,45,6,6,51,57,52,COVID-2068
360,23,5,31,40,4,18,47,9,3,28,52,17,2,38,56,25,25,14,27,23,29,32,11,8,38,1,3,47,59,34,COVID-2
46,33,11,34,55,15,22,53,21,14,33,55,32,10,44,57,43,33,22,33,33,34,44,25,11,44,11,7,55,58,54,COVID-3386
796,33,4,31,58,14,17,51,18,10,30,54,32,9,44,56,45,32,17,32,31,32,44,23,4,44,4,7,57,58,59,Viral Pneumonia-1326
422,33,11,33,55,14,22,53,22,13,33,54,33,13,44,55,44,33,22,33,33,33,44,22,11,47,11,11,54,57,55,COVID-1522
225,29,14,31,56,13,25,49,24,8,36,53,34,7,46,56,44,30,25,30,35,31,45,18,15,42,14,5,57,59,54,Viral Pneumonia-206
18,28,9,34,48,17,21,44,17,14,31,47,26,14,41,49,36,29,19,31,29,32,38,23,10,33,8,14,51,51,45,COVID-3031
168,33,7,34,45,13,17,53,16,10,27,56,26,10,36,57,35,33,17,33,26,34,36,22,7,43,7,8,46,59,45,Normal-9941
228,32,12,29,47,15,19,50,22,12,28,51,31,11,37,52,40,31,21,30,30,30,38,22,11,43,13,9,46,52,49,COVID-3387
292,30,12,28,44,14,18,47,21,11,26,49,29,10,34,51,38,30,20,29,28,28,36,20,11,42,13,7,42,51,46,Viral Pneumonia-934
377,37,6,40,38,23,15,54,13,21,24,58,21,20,32,60,29,38,14,38,22,39,30,28,7,48,5,20,40,62,37,COVID-979
740,33,9,30,56,13,20,51,22,10,31,53,34,7,43,56,46,32,21,31,33,31,44,23,8,44,10,5,55,57,58,Viral Pneumonia-743
397,34,6,28,39,18,12,46,16,13,19,48,25,10,27,48,34,32,14,31,22,30,31,25,4,41,7,8,35,48,42,COVID-2594
227,34,8,32,53,15,19,49,20,11,30,52,32,7,41,54,43,33,20,33,31,32,42,20,8,44,9,5,52,56,54,Viral Pneumonia-98
671,30,4,28,62,10,18,50,19,8,32,53,33,6,47,55,48,29,18,29,33,29,47,19,3,40,4,6,61,55,62,Viral Pneumonia-67
604,34,4,34,42,15,13,54,13,12,23,56,23,10,32,57,32,34,13,34,23,34,32,23,4,45,4,10,42,58,42,Normal-7957
328,33,12,31,48,15,20,48,22,12,29,50,32,9,38,53,41,33,21,32,30,31,39,22,12,42,13,7,47,54,50,Normal-456
283,30,7,31,49,13,17,50,17,12,28,53,28,10,39,54,38,30,17,30,28,31,39,20,7,44,6,8,50,57,49,Viral Pneumonia-793
743,30,1,32,59,9,16,53,14,6,31,56,29,4,45,60,43,31,15,31,30,32,44,13,1,49,0,4,60,59,58,Viral Pneumonia-768
618,30,10,30,58,10,22,50,22,8,34,50,34,7,46,52,46,30,22,30,34,30,46,21,10,40,10,5,58,55,59,Normal-8330
600,32,8,33,50,10,18,57,18,9,29,58,29,9,40,58,40,32,18,32,29,32,40,20,8,44,8,8,51,58,50,Normal-7756
498,33,4,32,54,14,16,52,16,12,29,54,29,11,41,54,42,33,16,33,29,32,42,22,3,44,4,8,54,56,55,Normal-2576
93,30,5,32,43,12,15,50,14,10,25,54,23,8,35,56,32,30,15,31,24,31,34,21,6,40,5,5,44,58,42,Normal-3507
213,36,7,34,56,4,19,61,20,2,31,63,32,3,43,61,45,35,19,35,32,34,44,14,6,52,8,5,55,59,57,COVID-1843
258,32,11,33,54,15,22,51,21,13,33,54,32,13,43,55,43,32,22,32,32,32,43,23,11,43,11,13,54,56,53,COVID-3003
337,35,7,31,47,16,15,54,19,11,24,54,29,9,34,55,39,34,17,33,27,32,37,25,6,47,8,7,44,55,49,Normal-1604
425,29,4,31,43,11,15,48,13,7,25,52,22,6,35,55,32,29,14,30,24,31,34,17,5,40,4,5,45,57,42,COVID-1589
291,31,6,33,44,12,16,51,14,10,26,54,24,8,36,56,34,32,15,32,25,33,35,19,6,43,5,7,46,57,43,Normal-6859
486,31,9,30,40,14,16,48,17,12,24,50,25,10,32,50,32,31,16,30,24,30,32,24,8,41,9,8,39,52,40,Normal-1820
640,34,10,27,54,10,17,53,24,7,28,53,36,4,39,54,47,32,21,30,32,28,43,18,7,46,12,1,50,55,59,Normal-9243
106,30,7,31,60,11,21,50,20,8,34,52,33,6,47,55,47,30,20,30,34,30,47,21,7,40,7,4,60,57,60,Normal-5015
115,32,10,32,43,13,18,52,18,10,26,54,27,10,34,56,35,32,18,32,26,32,35,23,10,43,10,8,43,58,43,Normal-8608
158,32,6,34,45,17,16,49,15,14,26,52,24,13,36,54,34,32,16,33,25,33,35,26,6,39,6,12,46,56,44,Normal-3343
793,27,10,31,59,12,24,47,21,11,36,50,33,10,48,53,45,28,22,29,34,30,47,18,11,39,9,8,60,55,57,Viral Pneumonia-1317
112,35,14,30,49,18,20,51,26,12,28,54,35,9,36,55,44,34,23,32,31,31,40,25,12,46,16,7,45,56,53,Normal-836
36,30,10,30,44,10,19,52,19,7,27,54,27,5,36,56,36,30,19,30,27,30,36,18,10,41,10,4,44,58,44,COVID-1823
105,32,11,32,48,14,20,51,20,11,29,53,29,10,39,54,38,32,20,32,29,32,38,23,11,42,10,7,48,55,48,Normal-10130
395,36,8,30,47,20,15,50,20,15,24,51,31,12,34,51,40,35,18,33,28,32,37,29,7,44,10,8,43,51,50,COVID-2426
362,36,2,34,42,15,11,57,13,12,21,59,23,10,30,60,33,36,12,35,22,35,32,25,2,51,3,10,40,59,43,COVID-403
516,32,6,32,46,16,16,49,16,14,26,51,26,13,36,53,36,32,16,32,26,32,36,26,6,39,6,12,46,56,46,Normal-3529
204,35,9,32,43,14,16,53,19,11,24,55,28,10,33,55,37,34,18,33,26,32,35,23,8,45,10,9,41,53,45,COVID-140
244,32,5,31,57,12,18,52,18,8,31,55,31,5,44,56,44,31,18,31,31,31,44,22,5,42,6,5,57,56,57,Normal-3333
221,32,9,31,44,12,17,52,18,10,26,54,27,9,34,56,36,32,18,32,26,32,35,20,9,45,9,7,43,57,45,Normal-3541
246,33,7,31,45,13,16,51,17,10,25,53,27,8,34,54,36,32,17,32,26,31,35,24,7,41,8,6,44,56,46,Normal-8460
365,33,7,40,45,19,19,52,13,16,30,58,22,16,39,60,31,35,16,37,26,38,35,27,8,42,5,16,49,62,41,COVID-500
344,26,23,29,37,17,28,35,25,15,32,38,28,14,36,40,32,27,26,28,30,28,34,20,24,31,22,14,40,42,35,Normal-1940
441,30,6,34,41,14,17,48,13,12,26,52,21,11,34,55,30,31,15,32,24,33,32,19,7,40,5,9,43,58,38,COVID-2977
594,30,7,31,48,11,18,50,17,10,28,52,28,9,38,53,38,30,18,31,28,31,38,19,8,42,7,8,49,53,48,Normal-7389
769,32,7,30,58,14,19,50,20,9,31,55,33,6,44,56,46,32,20,31,32,31,45,22,7,43,7,4,56,57,58,Viral Pneumonia-1075
582,33,8,32,54,13,19,54,20,11,30,55,31,10,42,55,43,33,19,33,31,32,42,23,8,44,8,10,53,55,54,Normal-6808
351,28,1,27,52,11,13,44,14,8,26,47,27,6,38,47,39,28,14,27,26,27,39,21,1,35,1,5,51,47,52,Normal-2076
780,32,10,30,59,11,21,52,23,9,33,54,36,7,46,56,48,32,22,31,34,30,47,20,9,40,10,4,58,57,61,Viral Pneumonia-1200
249,34,8,32,63,10,21,54,22,7,34,57,36,5,48,58,50,33,22,33,35,32,49,19,7,44,8,4,62,57,63,Viral Pneumonia-1248
681,34,6,30,52,13,16,54,19,9,27,57,31,8,38,57,42,33,18,32,29,31,40,23,5,45,7,5,49,58,54,Viral Pneumonia-141
122,32,9,31,50,12,19,50,20,8,29,53,30,6,39,54,40,31,19,31,29,31,39,22,9,42,9,6,49,55,50,Normal-2112
636,34,11,32,48,12,19,55,21,11,28,55,30,10,37,55,40,33,20,33,29,32,38,23,10,48,11,7,46,58,49,Normal-9111
406,32,3,30,51,8,14,57,16,4,26,60,28,2,38,61,40,32,15,31,27,31,39,17,3,49,4,2,50,62,52,COVID-292
683,35,6,31,54,14,16,53,20,9,28,57,32,7,39,58,44,34,18,33,30,32,42,25,5,43,7,5,51,58,56,Viral Pneumonia-160
164,33,12,33,43,16,20,49,20,14,28,51,28,13,36,52,35,33,20,33,28,33,36,24,12,42,12,13,44,53,43,Normal-6820
685,32,4,30,54,13,15,52,17,9,28,55,30,7,40,56,42,32,16,31,29,31,41,21,3,44,4,5,53,57,55,Viral Pneumonia-173
701,32,1,32,63,11,17,55,16,10,32,56,32,8,48,58,47,32,17,32,32,32,48,13,1,51,1,6,63,60,63,Viral Pneumonia-301
649,28,10,30,39,11,18,46,17,10,26,49,24,9,33,50,31,29,18,29,25,29,32,17,11,39,10,8,40,52,38,Normal-9468
663,28,12,29,51,7,22,51,21,6,32,51,31,6,42,50,41,28,22,28,32,28,41,16,12,42,12,4,52,52,50,Normal-9997
239,30,9,29,61,14,22,47,22,12,35,50,35,8,47,53,48,30,22,29,35,29,48,19,9,41,9,7,60,55,61,Viral Pneumonia-891
83,29,7,32,54,14,20,46,17,11,32,51,29,9,44,54,41,30,18,31,30,32,42,22,7,36,6,10,56,56,52,Normal-1168
560,32,16,31,58,11,27,53,27,7,37,56,38,5,48,59,48,32,27,32,37,31,48,21,16,42,16,3,58,61,59,Normal-5587
295,30,8,31,46,14,17,52,17,11,27,55,26,11,37,56,36,30,17,31,27,31,36,20,8,45,7,9,46,58,45,COVID-2933
678,32,9,32,58,15,21,52,21,11,33,55,33,10,45,56,46,32,21,32,33,32,45,23,9,42,9,10,57,58,58,Viral Pneumonia-111
70,30,2,30,42,8,12,50,12,6,22,52,22,5,32,52,32,30,12,30,22,30,32,20,2,40,2,4,42,53,42,COVID-2457
691,31,12,29,56,13,22,49,23,9,33,50,34,8,44,54,46,30,23,30,34,30,45,20,11,42,12,5,55,54,57,Viral Pneumonia-225
519,32,9,31,44,10,17,52,18,9,26,54,27,7,35,54,36,32,18,32,27,31,36,22,9,42,9,6,44,55,45,Normal-3602
98,35,4,35,44,17,14,52,14,15,24,54,24,15,34,54,34,35,14,35,24,35,34,25,4,44,4,13,44,55,44,Normal-3670
612,32,10,31,51,9,20,55,21,7,30,57,31,6,40,58,41,31,20,31,31,31,41,19,10,46,10,5,50,57,51,Normal-8265
738,29,8,29,62,14,21,44,21,12,35,49,35,9,48,51,48,29,21,29,35,29,48,21,8,40,8,7,62,54,62,Viral Pneumonia-714
598,30,8,30,51,10,18,51,19,9,29,52,30,9,40,52,40,30,18,30,29,30,40,19,8,42,8,8,51,52,51,Normal-7636
127,33,8,34,45,12,17,53,16,9,27,56,26,8,36,58,35,33,17,33,26,34,36,23,8,43,7,7,45,59,45,Normal-2742
672,34,8,28,51,13,16,52,22,9,27,53,33,8,38,54,44,32,19,31,30,30,40,24,7,43,10,6,48,54,55,Viral Pneumonia-70
1,34,7,34,44,14,16,54,16,10,25,57,26,8,34,58,35,34,16,34,26,34,35,26,7,42,7,7,44,60,44,COVID-2848
525,32,5,32,48,15,15,49,16,14,26,50,26,13,37,50,37,32,15,32,26,32,37,26,5,40,5,10,47,52,48,Normal-3873
308,31,1,32,50,11,13,52,12,9,26,53,25,8,38,54,37,32,13,32,25,32,37,20,1,42,0,8,50,55,49,Normal-7595
410,30,2,29,40,12,11,48,12,9,20,50,22,8,30,50,31,30,12,29,21,29,30,21,2,41,3,7,39,50,41,COVID-498
171,31,8,31,53,12,20,50,20,8,30,53,31,7,42,55,42,31,20,31,31,31,42,20,8,42,8,5,53,56,53,Viral Pneumonia-1345
417,35,4,32,52,12,15,58,18,7,26,60,30,5,38,60,42,34,16,33,28,32,40,24,4,49,5,2,50,62,54,COVID-1233
607,30,10,29,44,9,18,49,19,7,27,52,27,5,35,54,36,29,19,29,27,29,36,18,10,41,11,3,44,56,44,Normal-8028
460,30,17,33,50,14,26,47,23,10,35,52,31,9,43,55,39,30,25,31,33,32,41,22,17,38,16,8,52,56,47,Normal-415
693,34,9,31,54,19,19,50,22,16,30,53,33,14,41,54,44,33,20,32,32,32,43,25,8,44,10,12,52,55,55,Viral Pneumonia-237
423,31,5,33,62,7,20,56,18,4,34,59,32,3,48,60,46,31,19,32,33,32,47,17,5,45,4,2,63,62,60,COVID-1533
315,31,5,32,45,10,15,52,14,7,26,55,24,6,36,57,34,31,15,32,25,32,35,19,5,42,4,6,46,58,44,Normal-3856
376,24,7,25,46,6,17,44,16,3,27,46,26,2,37,48,35,24,17,25,26,25,36,15,7,34,7,1,46,50,45,COVID-972
524,35,12,32,62,17,24,53,26,13,36,54,38,11,48,54,51,34,25,34,37,33,49,28,12,46,13,9,60,54,63,Normal-3811
694,28,11,31,62,9,24,48,23,7,37,52,35,6,50,54,48,29,24,30,36,30,49,19,11,38,10,6,63,57,61,Viral Pneumonia-243
438,34,10,34,54,15,21,53,21,14,32,55,32,14,43,57,43,34,21,34,32,34,43,21,10,48,10,12,54,58,54,COVID-2793
699,31,10,33,62,12,24,50,22,10,37,53,35,9,50,55,48,31,23,32,36,32,49,21,10,41,10,7,63,56,61,Viral Pneumonia-267
150,32,10,33,52,14,21,51,20,11,31,54,30,9,42,56,41,32,20,32,31,33,41,24,10,42,10,7,52,59,51,Normal-2012
799,31,8,30,53,14,18,48,19,9,30,54,31,6,41,56,42,31,19,31,30,30,42,21,7,41,8,5,52,57,54,Viral Pneumonia-1338
644,32,10,31,47,15,18,50,20,13,28,51,29,12,37,51,39,32,19,32,28,31,38,24,9,42,10,10,46,53,48,Normal-9320
409,32,4,31,57,10,16,53,17,8,30,55,31,6,43,56,44,32,17,32,30,31,44,22,3,44,4,4,56,58,58,COVID-428
143,34,9,35,52,14,20,56,19,12,31,57,30,11,41,59,41,34,20,34,30,34,41,23,9,48,9,10,52,60,51,Normal-4488
526,31,9,31,44,12,17,50,18,9,26,52,26,8,35,53,35,31,18,31,26,31,35,19,8,43,9,6,44,54,44,Normal-4010
688,32,1,33,38,10,10,55,10,8,20,57,19,8,29,58,28,32,10,33,20,33,29,12,1,53,0,7,39,60,38,Viral Pneumonia-208
208,32,7,32,40,9,16,52,15,4,24,56,23,1,32,59,31,32,15,32,24,32,32,18,7,43,7,0,40,59,40,COVID-1515
440,34,7,34,43,16,15,53,16,14,24,54,25,14,33,54,34,34,16,34,25,34,34,23,7,47,7,12,42,55,43,COVID-2887
131,31,8,28,44,12,15,49,19,9,24,50,28,6,33,50,37,30,17,30,26,29,35,22,7,43,9,5,42,50,46,Normal-2227
380,40,4,30,56,18,13,58,21,12,25,60,35,9,38,59,49,38,17,35,30,32,43,30,2,51,6,5,51,58,62,COVID-1088
174,33,14,33,53,15,24,48,24,11,34,51,34,9,43,54,43,33,24,33,34,33,43,20,14,44,14,7,53,56,53,Viral Pneumonia-909
533,34,7,34,43,16,16,53,16,12,25,58,25,10,34,60,34,34,16,34,25,34,34,24,7,44,7,8,43,62,43,Normal-4376
270,31,5,32,44,15,15,49,14,14,25,50,24,14,35,50,34,31,14,32,24,32,34,23,5,41,4,13,45,51,44,Normal-3945
407,35,7,36,39,22,15,50,15,19,23,53,22,18,31,54,30,36,15,36,23,36,31,28,8,44,7,17,39,56,38,COVID-308
570,32,6,32,49,14,17,52,17,12,27,54,28,10,38,56,38,32,17,32,28,32,38,23,6,44,6,10,49,57,49,Normal-6004
123,33,12,32,46,13,19,53,20,11,28,55,29,8,36,56,38,33,20,33,29,32,37,22,11,46,12,5,45,58,46,Normal-2677
138,28,3,32,49,14,16,44,13,11,28,49,24,10,39,50,36,29,14,30,26,31,38,21,4,35,2,10,51,52,47,Normal-4846
51,34,10,35,44,18,19,51,18,17,28,52,27,15,36,53,35,34,19,35,27,35,36,26,10,43,10,13,45,55,44,COVID-2400
275,36,6,33,41,14,13,54,16,10,21,56,25,9,30,56,34,35,15,34,23,33,32,22,5,45,7,8,39,56,43,COVID-192
773,32,7,30,50,13,17,49,19,10,28,51,29,7,38,52,40,32,18,31,29,31,39,21,7,43,8,6,49,54,51,Viral Pneumonia-1119
342,36,10,31,43,20,16,48,20,15,24,51,29,13,32,51,38,35,18,34,27,32,35,29,9,43,11,11,40,50,46,Normal-1927
256,35,8,30,40,19,13,50,18,16,21,50,26,14,29,50,35,34,16,32,24,31,32,27,6,45,9,13,37,48,43,COVID-2292
182,31,10,31,48,16,20,45,20,14,29,48,29,11,39,50,39,31,20,31,29,31,39,22,10,38,10,9,48,52,48,Viral Pneumonia-767
300,35,7,34,44,18,16,53,17,14,25,56,26,13,34,58,35,35,16,35,26,34,35,27,7,44,8,11,43,59,45,Normal-6955
759,31,5,32,56,13,18,51,17,11,31,53,30,9,44,55,42,31,18,31,30,32,43,22,5,41,4,8,57,56,55,Viral Pneumonia-937
240,30,9,30,40,12,16,49,17,8,24,51,24,6,32,53,32,30,17,30,24,30,32,19,9,43,9,6,40,55,40,COVID-3305
230,23,8,27,44,9,19,40,15,6,28,42,24,6,37,43,33,24,17,25,26,26,35,15,9,32,7,5,47,45,43,Normal-6587
326,35,7,30,52,17,16,51,20,11,27,54,32,8,38,55,43,33,18,32,29,31,40,26,6,43,8,6,49,55,54,Normal-359
458,29,8,31,48,13,19,46,17,8,29,52,27,7,40,53,37,30,18,30,28,31,38,21,8,37,7,6,50,55,47,Normal-346
465,31,8,32,54,11,20,53,18,10,31,55,30,8,43,56,42,31,19,32,31,32,42,22,8,41,7,7,54,57,53,Normal-829
163,31,8,30,46,10,17,52,19,7,26,54,28,6,35,54,37,31,18,30,27,30,36,21,8,45,9,4,45,55,47,Normal-5932
167,28,2,30,49,13,14,46,13,12,26,48,24,13,38,49,36,29,14,29,25,30,37,20,2,38,1,12,49,50,48,Normal-3816
145,37,12,34,61,19,23,56,25,15,35,58,38,10,48,62,50,36,24,36,36,35,49,27,11,49,12,7,60,63,63,Normal-6411
206,36,12,34,47,17,20,54,21,14,28,55,30,12,37,56,39,35,20,35,29,35,38,26,11,46,12,10,46,58,48,COVID-1953
500,32,10,35,49,15,21,51,18,12,31,55,28,11,41,57,37,33,20,34,29,34,39,24,11,40,10,10,50,60,47,Normal-2690
188,30,6,30,56,12,18,47,18,10,31,51,31,7,43,53,44,30,18,30,31,30,44,20,6,39,6,6,56,54,56,Viral Pneumonia-1022
324,35,11,31,52,16,20,52,23,12,30,54,33,11,40,54,44,34,21,33,32,32,42,25,10,44,12,9,50,54,54,Normal-270
679,31,7,30,59,10,20,51,21,5,32,57,34,4,45,60,47,31,20,31,33,30,46,23,7,39,7,4,58,61,60,Viral Pneumonia-126
795,31,11,32,57,14,23,48,22,10,34,52,33,8,46,54,45,31,22,31,34,32,45,20,11,43,11,7,57,54,56,Viral Pneumonia-1324
79,31,5,32,50,15,17,50,16,11,28,52,27,8,39,53,38,32,16,32,28,32,39,23,5,41,5,6,51,54,50,COVID-2046
646,34,4,31,47,16,13,51,16,14,24,51,27,13,35,51,38,33,14,33,26,32,36,24,3,45,4,12,46,52,49,Normal-9343
721,32,8,32,62,13,22,52,22,9,35,55,35,8,48,58,48,32,22,32,35,32,48,22,8,43,8,7,61,59,62,Viral Pneumonia-552
229,31,3,31,44,15,13,48,13,11,23,52,24,9,33,54,34,31,13,31,24,31,34,22,3,41,3,7,44,55,44,Viral Pneumonia-1268
620,35,4,36,53,14,17,56,16,13,29,59,28,12,41,59,40,35,16,35,29,35,41,24,5,46,4,11,53,61,52,Normal-8386
100,32,7,31,63,12,20,52,21,9,34,54,35,6,48,56,49,31,21,31,35,31,49,21,7,43,7,5,62,56,63,Normal-8520
290,30,8,33,50,12,20,49,18,10,30,53,28,9,40,54,38,31,19,31,29,32,39,17,9,43,8,8,51,56,48,Viral Pneumonia-771
444,29,7,29,38,12,15,45,15,10,23,48,22,8,30,50,30,29,15,29,23,29,30,20,7,38,7,8,38,51,38,COVID-3136
757,35,1,32,27,16,5,56,10,14,12,58,17,12,18,58,23,34,8,34,14,33,20,27,0,52,3,10,24,59,30,Viral Pneumonia-929
53,33,10,36,54,16,22,50,20,13,34,53,31,13,44,54,42,33,21,34,32,35,43,25,11,41,10,12,56,55,53,COVID-100
391,25,21,35,50,18,32,41,24,18,40,46,30,18,48,49,37,27,29,30,36,33,43,20,23,33,18,18,57,51,44,COVID-1935
771,30,6,31,55,15,18,45,18,12,31,49,30,11,43,51,42,30,18,31,30,31,43,20,6,40,6,9,56,54,55,Viral Pneumonia-1099
798,32,12,31,59,14,23,50,24,11,35,53,35,8,47,55,47,31,23,31,35,31,47,22,11,42,12,6,58,56,59,Viral Pneumonia-1334
251,29,4,33,53,11,18,51,15,7,30,56,27,5,43,58,39,30,16,31,29,32,41,17,5,41,3,5,55,59,52,Viral Pneumonia-162
499,32,11,32,53,10,22,53,22,9,32,55,32,8,43,57,43,32,22,32,32,32,43,22,11,43,11,5,53,61,53,Normal-2603
475,30,6,32,47,13,17,50,15,10,27,52,26,8,37,54,36,31,16,31,26,31,36,22,6,38,6,8,48,55,46,Normal-1430
271,29,10,30,57,7,22,53,21,5,34,55,33,3,46,56,45,29,22,30,34,30,45,19,10,41,10,2,58,58,57,COVID-2251
44,28,8,31,53,9,21,52,18,4,32,56,29,4,44,59,40,29,19,30,31,30,42,20,9,36,8,5,55,60,51,COVID-1550
113,30,7,31,43,10,16,49,16,8,25,52,25,6,34,54,34,30,16,31,25,31,34,20,7,41,7,3,43,56,43,Normal-8814
24,35,7,35,43,16,16,52,16,14,24,54,25,12,33,55,34,35,16,35,25,35,34,27,7,43,7,10,42,57,43,COVID-3329
211,28,4,31,47,6,17,52,13,3,27,55,24,2,38,58,34,29,15,30,25,31,36,14,5,44,3,1,49,60,44,COVID-738
169,31,9,30,50,11,19,48,20,8,29,51,30,6,39,52,40,30,19,30,30,30,40,21,9,39,9,4,50,54,50,Normal-5691
591,32,9,32,51,11,20,53,20,10,30,54,30,8,41,55,40,32,20,32,30,32,41,22,9,43,9,6,51,57,51,Normal-7208
777,29,8,36,59,10,23,49,18,8,37,53,30,8,50,56,43,31,20,32,33,34,46,17,9,38,6,8,63,58,56,Viral Pneumonia-1152
596,31,9,30,46,15,17,50,19,11,26,52,28,8,35,54,37,31,18,30,27,30,36,23,8,44,9,5,45,55,47,Normal-7551
520,34,8,32,54,13,19,54,20,10,30,55,32,8,42,58,43,33,20,33,31,32,42,24,8,47,9,5,53,59,55,Normal-3604
32,34,4,33,43,19,13,51,14,17,23,52,24,15,33,54,34,34,14,34,24,33,33,28,4,41,4,12,43,54,44,COVID-231
109,30,11,30,45,11,19,49,19,9,28,51,28,7,37,53,36,30,19,30,28,30,36,18,11,41,10,6,45,54,45,Normal-4544
136,33,7,30,44,14,15,50,18,10,24,51,27,8,33,53,37,32,16,32,26,31,35,25,6,44,8,7,42,53,46,Normal-4596
330,35,6,30,55,12,15,58,21,6,27,60,33,4,39,60,46,34,18,32,30,31,42,26,5,45,7,2,52,60,58,Normal-706
222,31,12,31,55,12,22,50,22,10,33,52,33,8,44,54,43,31,22,31,33,31,44,20,12,42,11,7,55,55,54,Viral Pneumonia-700
28,35,4,37,46,20,15,52,14,18,26,54,24,17,36,55,35,36,14,36,25,37,36,27,4,43,4,14,47,58,45,COVID-2834
287,37,8,31,44,18,14,54,20,14,22,55,29,11,31,55,38,36,17,34,26,33,35,28,7,49,10,8,40,56,48,Normal-6438
55,30,9,29,50,10,19,47,20,8,29,50,30,6,39,51,40,30,19,29,30,29,40,22,9,38,9,5,50,52,51,COVID-2504
705,31,12,30,57,13,23,49,24,10,34,52,36,7,45,54,47,31,24,30,35,30,46,20,12,42,13,6,56,56,58,Viral Pneumonia-340
719,32,8,35,59,12,22,54,19,10,34,56,32,10,47,57,44,32,20,33,33,34,46,24,8,40,7,11,60,58,57,Viral Pneumonia-532
48,30,4,32,59,12,18,49,17,10,32,51,31,10,45,51,44,31,17,31,31,31,45,22,4,39,3,11,59,51,58,COVID-3316
722,32,8,32,52,12,19,50,20,10,30,53,31,7,41,54,42,32,20,32,30,32,42,21,8,43,9,6,52,55,53,Viral Pneumonia-554
782,33,9,34,58,19,21,49,21,16,33,52,33,14,46,54,45,33,21,34,33,34,45,24,9,44,9,12,58,56,57,Viral Pneumonia-1208
545,31,12,30,49,12,20,50,22,10,30,51,31,7,39,53,41,31,21,30,30,30,40,22,12,42,12,6,48,54,50,Normal-4855
477,33,7,34,51,12,19,54,18,11,30,57,29,9,41,59,40,33,18,33,29,34,40,25,7,41,7,8,52,59,51,Normal-1472
547,30,6,29,48,9,15,52,17,7,26,54,27,5,36,56,38,30,16,30,26,29,37,17,5,43,6,1,46,60,49,Normal-5028
63,38,7,34,50,19,16,53,18,17,27,54,29,14,37,56,40,37,17,36,28,35,39,30,6,46,7,11,48,58,51,COVID-1653
413,30,11,31,48,12,21,47,20,10,30,50,29,9,39,51,38,31,20,31,30,31,39,20,12,41,11,7,48,53,48,COVID-841
384,34,13,26,57,15,21,49,27,9,31,50,39,6,42,50,50,32,24,30,35,28,46,24,11,43,15,3,52,50,61,COVID-1454
710,31,2,30,48,9,12,52,14,6,24,55,25,5,36,56,37,31,13,31,25,30,36,14,1,50,2,3,47,60,49,Viral Pneumonia-433
322,29,14,34,50,13,25,48,20,12,35,54,29,11,44,56,38,30,23,32,32,33,41,18,15,39,12,11,53,59,46,Normal-223
451,27,7,27,42,9,16,45,15,8,25,46,24,7,34,47,33,27,16,27,24,27,33,17,7,37,7,6,43,49,42,COVID-3606
623,34,9,33,58,17,21,52,21,15,33,53,34,13,45,54,46,34,21,34,33,34,46,26,8,42,9,12,58,54,58,Normal-8452
234,30,6,31,54,13,18,51,17,8,30,54,29,7,42,56,41,31,18,31,30,31,42,20,6,43,5,7,55,57,53,Viral Pneumonia-1209
557,32,12,32,56,13,23,50,22,11,34,52,33,10,45,53,44,32,23,32,34,32,45,21,12,42,11,9,56,54,55,Normal-5297
462,32,10,32,54,16,20,48,21,12,31,52,32,10,42,54,43,32,21,32,32,32,42,25,10,40,10,8,53,56,54,Normal-545
424,24,16,30,47,4,28,43,20,2,37,48,27,1,45,51,34,26,24,27,32,29,39,11,19,36,14,0,53,54,42,COVID-1559
704,31,11,32,62,14,24,49,24,12,37,51,36,10,50,54,49,31,24,31,37,32,50,20,12,40,11,9,63,55,62,Viral Pneumonia-336
303,33,5,30,50,11,15,54,17,9,26,55,28,7,37,55,39,32,16,32,27,31,38,22,4,45,5,6,48,55,51,Normal-2183
706,32,8,33,54,14,20,52,18,11,32,55,30,10,44,58,42,32,19,32,31,33,43,22,8,43,7,8,55,60,53,Viral Pneumonia-356
219,31,4,30,46,13,14,49,14,13,25,50,25,12,35,50,36,31,14,30,25,30,35,23,4,43,4,11,46,51,46,Normal-6194
696,30,9,31,53,14,20,47,20,11,31,51,31,9,42,54,42,30,20,30,31,30,42,21,9,40,9,7,53,55,53,Viral Pneumonia-257
296,33,3,31,44,14,12,52,13,11,23,54,24,10,33,55,34,32,13,32,23,32,33,20,2,45,3,8,43,55,44,COVID-2913
21,40,18,37,57,18,26,58,29,15,35,61,39,14,45,63,49,40,28,39,37,38,47,32,17,48,19,13,54,62,59,COVID-162
420,28,11,27,58,8,22,47,23,6,34,48,35,5,45,49,46,28,22,28,34,28,46,15,10,42,11,4,57,48,58,COVID-1328
325,33,9,31,51,14,19,51,20,10,29,54,31,8,39,56,41,32,20,32,30,32,40,21,9,45,10,6,50,57,52,Normal-335
199,33,4,32,54,15,16,51,17,11,29,53,30,9,41,54,42,33,17,33,29,32,42,23,4,44,4,8,54,56,55,Viral Pneumonia-741
450,34,8,34,45,14,17,53,18,12,26,55,27,10,35,57,36,34,17,34,27,34,36,21,8,46,8,8,45,59,46,COVID-3576
137,33,5,31,49,12,15,53,17,10,26,54,28,8,37,54,39,32,16,32,27,31,38,23,4,45,6,7,48,54,50,Normal-5020
536,33,8,32,50,11,18,55,19,9,29,57,29,7,39,58,40,32,19,32,29,32,39,21,8,45,8,6,49,59,50,Normal-4433
628,31,7,29,48,12,16,49,18,10,26,51,28,8,36,52,38,31,17,30,27,30,37,23,6,39,7,7,47,53,48,Normal-8745
212,29,9,33,46,14,20,46,17,11,29,51,26,11,39,52,35,30,18,31,28,32,37,20,10,39,8,11,48,53,45,Viral Pneumonia-1168
770,33,9,34,47,15,19,49,18,12,29,51,28,10,38,53,37,33,18,33,28,34,38,24,9,42,9,8,48,55,47,Viral Pneumonia-1080
747,29,8,33,55,16,21,44,19,15,33,48,30,13,45,50,42,30,20,31,32,32,43,21,9,39,8,12,56,53,53,Viral Pneumonia-791
736,36,10,29,56,15,18,54,24,10,29,56,37,7,40,55,48,34,21,32,33,31,44,23,8,48,12,5,52,55,60,Viral Pneumonia-709
505,32,16,26,52,16,22,46,27,12,31,48,37,9,40,48,46,30,25,29,34,28,43,24,15,40,17,8,49,47,55,Normal-2872
651,33,3,31,59,15,16,42,17,22,31,42,31,22,44,42,45,32,17,32,31,32,45,25,3,41,3,21,58,41,59,Normal-9508
231,39,9,39,53,20,20,58,19,16,31,62,30,15,42,63,41,39,20,39,31,39,42,29,9,48,8,12,53,63,52,Normal-6283
405,35,3,32,53,11,14,58,17,8,26,59,30,5,38,61,42,34,15,33,28,32,40,19,2,53,4,1,50,62,55,COVID-207
568,33,8,33,45,16,17,51,17,14,27,53,26,12,36,55,35,33,17,33,26,33,36,23,8,44,8,9,46,57,45,Normal-5959
317,33,6,32,58,13,18,53,19,9,31,55,32,7,44,56,45,33,19,33,32,32,44,22,5,44,6,7,57,57,58,Normal-9175
183,32,10,29,53,14,20,47,22,11,31,50,33,7,41,52,44,31,21,31,32,30,43,21,10,41,11,6,52,53,55,Viral Pneumonia-1329
686,34,2,32,55,15,14,51,16,10,28,55,30,9,41,57,43,34,15,33,29,32,42,23,1,45,2,8,54,58,57,Viral Pneumonia-186
684,33,1,32,40,10,10,58,12,9,19,60,22,7,29,60,31,33,10,33,20,32,30,12,0,56,2,5,39,62,41,Viral Pneumonia-170
609,28,16,29,62,9,28,48,27,7,40,51,39,6,51,53,50,28,28,28,39,28,51,17,16,40,16,5,63,55,62,Normal-8167
626,34,7,33,48,14,17,55,18,11,27,58,29,10,37,58,39,34,18,34,28,33,38,23,7,46,8,9,48,60,49,Normal-8711
485,31,7,31,50,11,18,50,18,9,29,53,28,7,40,55,39,31,18,31,29,31,40,23,7,39,7,6,51,56,50,Normal-1776
278,31,16,31,50,18,24,46,24,16,33,48,33,15,41,50,41,31,24,31,33,31,41,20,16,42,16,14,50,51,50,Viral Pneumonia-1167
630,32,9,31,59,7,21,56,22,6,33,57,34,3,46,58,47,32,21,31,34,31,46,20,9,47,9,3,58,57,59,Normal-8810
20,31,3,32,53,13,15,49,15,10,28,54,28,8,41,56,40,31,15,31,28,31,40,24,3,38,3,8,53,56,53,COVID-103
170,33,10,32,54,14,20,51,21,11,32,54,32,8,43,55,43,33,21,32,32,32,43,19,10,44,10,6,54,56,54,Viral Pneumonia-449
401,33,4,34,58,6,18,61,17,4,32,62,30,3,45,61,44,33,17,33,31,34,45,20,4,48,3,3,59,62,58,COVID-54
739,29,8,32,61,10,22,50,20,9,36,52,34,10,49,53,47,30,22,31,35,31,48,21,9,37,8,9,62,56,60,Viral Pneumonia-719
566,31,9,30,55,8,20,55,21,7,32,57,32,6,43,57,44,31,20,31,32,31,44,20,9,45,9,5,55,56,55,Normal-5928
176,33,12,31,52,16,21,49,23,11,31,52,33,9,40,53,42,32,22,32,32,32,42,22,12,43,13,8,50,54,52,Viral Pneumonia-840
327,28,10,34,53,11,24,46,18,8,35,52,28,8,46,55,39,29,21,31,31,32,42,18,12,37,9,9,56,57,49,Normal-445
198,33,2,30,44,16,12,45,14,13,22,47,24,10,32,48,35,32,13,31,23,31,34,23,2,40,3,8,43,50,46,Viral Pneumonia-508
470,32,9,31,59,12,20,52,22,8,33,56,35,6,46,57,47,32,21,31,34,31,46,24,8,40,9,7,58,57,60,Normal-1061
674,32,4,31,56,16,16,49,17,11,30,53,30,7,42,56,44,32,17,32,30,32,43,24,4,40,4,4,56,58,57,Viral Pneumonia-87
266,30,7,32,54,16,19,45,18,13,31,48,30,10,43,51,41,30,19,31,30,31,42,21,8,39,7,8,54,53,53,Normal-5596
615,30,6,29,49,8,16,54,18,4,27,58,29,2,38,60,39,30,17,30,28,29,38,17,6,45,7,2,48,60,50,Normal-8304
492,34,7,31,30,17,11,49,14,15,17,51,21,13,22,52,27,33,13,32,19,32,25,26,6,42,8,12,28,51,33,Normal-2248
130,34,7,33,63,16,20,52,21,14,34,55,35,12,48,55,49,34,21,34,35,34,49,26,6,42,7,12,62,55,63,Normal-8907
338,32,30,30,52,20,34,43,36,16,39,45,42,13,45,46,47,31,35,31,41,30,46,26,29,38,30,12,50,47,53,Normal-1659
682,35,5,30,54,13,15,54,19,8,27,57,32,6,39,59,44,33,17,32,30,31,42,24,4,45,6,5,51,59,56,Viral Pneumonia-146
489,37,12,37,50,19,21,54,22,17,31,57,31,15,40,58,40,37,21,37,31,37,40,29,12,45,12,15,50,59,50,Normal-2123
572,32,9,32,53,11,20,53,20,9,31,54,31,7,42,55,42,32,20,32,31,32,42,23,9,42,9,7,53,56,53,Normal-6222
606,32,11,32,49,13,20,52,21,12,30,54,30,12,39,54,40,32,20,32,30,32,40,23,10,44,11,10,49,56,50,Normal-8015
193,32,10,32,56,16,22,49,21,11,33,54,33,10,45,56,44,32,22,32,33,32,45,22,10,42,10,9,56,57,56,Viral Pneumonia-14
140,28,9,27,41,9,16,49,18,4,24,53,26,2,32,55,34,28,17,27,25,27,33,18,9,42,10,0,40,57,42,Normal-6151
416,28,5,33,52,7,20,50,14,4,32,54,26,3,44,56,37,29,17,31,29,32,40,19,6,39,4,3,56,59,49,COVID-1159
660,34,7,33,45,15,16,53,17,13,26,54,27,10,35,56,36,33,17,33,26,33,36,22,7,47,7,8,44,56,46,Normal-9911
476,37,7,36,50,18,18,55,18,17,28,58,29,16,39,58,40,37,18,37,29,36,39,29,7,45,8,14,50,59,51,Normal-1460
152,32,6,30,54,13,17,50,18,10,29,52,31,9,41,53,43,31,18,31,30,30,42,23,5,41,6,9,53,53,55,Normal-5241
717,30,8,32,54,14,20,47,19,13,32,50,30,11,44,53,42,30,20,31,31,31,43,22,8,38,8,9,55,56,54,Viral Pneumonia-524
10,33,9,33,46,13,18,52,18,11,27,54,27,10,36,55,36,33,18,33,27,33,36,25,9,40,9,9,46,55,45,COVID-3512
269,31,7,31,58,15,20,48,20,12,33,51,32,9,45,53,45,31,20,31,32,31,45,18,7,43,7,9,58,53,57,Viral Pneumonia-804
96,33,7,33,54,13,18,54,19,8,30,58,31,5,42,60,42,33,19,33,30,33,42,25,7,43,7,4,53,60,54,Normal-8339
210,32,12,31,50,13,21,50,22,11,31,51,31,9,40,54,41,32,22,32,31,31,41,20,12,44,12,8,50,55,50,Viral Pneumonia-40
789,33,10,31,54,12,20,53,22,9,31,56,33,8,42,56,44,32,21,32,32,31,43,20,10,46,11,6,53,56,56,Viral Pneumonia-1279
569,34,10,33,47,17,18,51,20,16,28,51,29,15,37,52,38,34,19,33,28,33,38,25,10,45,10,14,46,53,48,Normal-5977
548,34,12,31,55,13,21,53,24,9,32,55,35,5,42,57,46,33,22,32,33,31,44,21,11,45,12,4,53,58,57,Normal-5054
754,32,4,31,53,16,16,46,16,12,28,48,29,10,40,50,41,32,16,32,28,32,41,23,4,41,4,8,52,52,53,Viral Pneumonia-878
532,32,2,32,39,14,11,50,11,13,21,52,20,12,30,53,30,32,11,32,21,32,30,25,2,42,2,12,40,54,39,Normal-4310
746,29,1,31,51,7,15,50,13,6,27,54,25,5,40,57,37,29,14,30,26,30,39,11,2,36,1,3,53,59,50,Viral Pneumonia-782
332,29,13,36,52,16,25,46,20,14,36,51,29,13,46,54,39,31,23,33,32,34,42,21,14,39,11,14,56,57,48,Normal-846
75,28,2,31,39,15,12,43,10,12,21,47,19,11,30,48,28,29,11,29,20,30,29,22,2,34,1,9,40,49,38,COVID-2496
77,32,2,31,48,16,14,49,14,12,25,53,25,11,36,55,36,31,14,31,25,31,36,26,2,38,2,9,48,57,48,COVID-1814
263,32,6,30,50,14,16,48,17,9,27,53,29,6,38,54,40,31,17,31,28,30,39,22,6,41,6,6,49,55,51,Viral Pneumonia-530
149,33,11,33,63,13,24,55,24,11,37,57,37,9,50,59,50,33,24,33,37,33,50,23,11,48,11,8,63,60,63,Normal-4554
745,33,4,31,60,12,17,52,19,10,31,54,33,7,45,57,47,33,18,32,32,31,46,21,3,45,4,4,59,58,61,Viral Pneumonia-777
514,32,6,30,52,12,16,52,18,10,28,54,30,7,39,55,41,32,18,31,29,31,40,22,6,41,7,6,51,55,53,Normal-3297
751,30,5,32,60,11,19,50,18,8,33,54,32,7,47,55,46,31,19,31,33,32,46,19,5,42,4,6,61,57,59,Viral Pneumonia-829
469,30,15,32,52,11,25,48,23,8,35,53,32,8,44,54,41,30,24,31,33,31,42,18,16,41,15,6,53,57,50,Normal-1023
564,34,9,33,45,13,18,55,19,12,26,56,28,9,35,58,36,34,18,34,27,34,36,22,9,47,10,8,44,59,45,Normal-5777
461,33,11,32,56,14,22,51,23,10,33,56,34,8,44,57,46,33,22,32,34,32,45,24,11,42,11,7,55,58,57,Normal-467
253,33,9,33,40,12,17,53,17,10,25,56,25,9,33,56,32,33,17,33,25,33,33,19,9,45,9,9,41,57,40,Normal-6922
369,29,9,33,45,13,20,48,16,10,29,54,24,10,38,56,33,30,18,31,27,32,36,20,10,40,7,8,48,59,42,COVID-584
321,33,16,30,52,16,23,49,26,11,32,51,36,9,40,54,45,32,25,32,34,31,43,23,15,44,17,7,49,54,54,Normal-128
695,28,11,34,56,11,25,49,19,9,36,54,30,10,48,56,41,30,22,31,33,33,45,18,12,42,9,10,59,58,53,Viral Pneumonia-253
151,39,18,35,48,20,23,59,28,16,30,61,36,14,38,62,43,38,25,37,33,36,40,29,17,50,19,14,46,62,51,Normal-8543
302,34,10,29,41,15,15,50,20,11,22,52,28,9,30,54,36,33,17,32,25,30,33,24,8,45,11,7,37,54,45,Normal-2430
190,29,7,33,61,12,22,50,19,9,36,54,32,7,49,57,46,30,20,31,34,32,48,18,7,42,6,6,63,60,59,Viral Pneumonia-1104
586,35,9,35,50,16,19,53,20,15,30,54,30,15,40,55,40,35,20,35,30,35,40,23,9,46,9,15,50,55,50,Normal-7046
348,35,24,34,37,25,27,43,28,23,30,45,31,21,33,46,34,34,27,34,31,34,34,29,24,40,24,20,36,48,38,Normal-2001
243,26,1,29,55,6,16,46,13,2,30,52,27,1,43,56,40,26,15,27,28,28,42,14,2,38,0,0,57,59,54,COVID-624
87,34,4,33,50,17,15,50,16,14,27,52,28,12,38,53,39,33,16,33,27,33,39,26,4,41,4,10,50,54,51,Normal-7461
655,33,11,33,44,14,19,52,19,12,27,54,28,10,36,56,36,33,19,33,28,33,36,23,10,45,11,8,44,56,45,Normal-9690
727,38,1,31,55,12,11,56,17,8,24,58,31,3,38,61,45,36,14,34,28,32,41,28,0,54,3,1,51,62,59,Viral Pneumonia-651
418,27,3,33,60,1,20,56,14,0,35,58,28,2,49,58,43,28,17,30,31,32,46,13,4,40,1,3,63,61,57,COVID-1268
288,33,9,32,59,13,21,53,22,10,34,57,35,9,46,57,47,33,22,32,34,32,47,21,9,45,10,9,59,57,60,Viral Pneumonia-82
648,35,4,35,55,16,17,54,17,13,30,58,30,11,43,60,42,35,17,35,30,35,43,25,4,45,4,9,56,60,55,Normal-9360
166,31,8,32,52,12,20,51,19,11,30,52,30,10,41,54,41,31,19,31,30,32,41,21,8,43,8,9,52,55,52,Normal-2748
595,34,9,31,45,15,16,52,20,12,25,53,29,11,34,52,38,34,18,33,27,32,36,23,8,46,10,9,43,53,47,Normal-7443
790,31,11,33,58,14,24,50,22,12,36,53,34,10,48,55,45,31,23,32,35,33,46,20,12,43,11,10,59,57,57,Viral Pneumonia-1297
155,33,2,32,42,13,12,52,13,10,22,54,23,10,31,54,33,33,12,33,22,32,32,25,2,43,3,10,41,54,43,Normal-8035
356,35,29,33,49,22,33,47,35,18,37,49,41,16,42,50,46,35,34,34,39,34,44,29,28,42,30,14,47,50,51,Normal-2401
381,23,5,34,56,1,23,49,13,0,36,54,25,0,49,58,37,26,18,29,30,31,43,7,8,35,3,0,63,61,50,COVID-1103
279,31,13,34,52,12,24,51,21,11,34,52,31,11,44,52,41,32,23,33,33,33,42,19,14,43,12,11,54,52,51,Normal-9207
126,32,4,30,53,10,15,51,17,7,28,54,30,6,40,56,42,31,16,31,29,30,41,23,3,41,4,3,52,58,54,Normal-3800
707,32,11,32,60,13,23,50,23,10,35,52,35,8,48,56,48,32,23,32,35,32,48,21,10,42,11,8,60,57,60,Viral Pneumonia-384
22,36,10,36,39,19,17,56,18,15,24,58,25,14,32,59,32,36,17,36,25,36,32,28,10,44,10,12,39,62,40,COVID-1502
616,34,4,32,62,13,17,56,19,9,32,57,34,6,46,59,48,34,18,33,33,32,47,23,3,47,4,6,61,58,63,Normal-8315
665,34,11,34,52,14,22,54,21,13,32,55,31,11,42,56,41,34,21,34,32,34,42,22,11,44,11,11,52,56,52,Normal-10103
282,31,8,27,40,16,14,45,17,12,22,48,26,9,30,49,34,30,16,29,24,28,32,23,7,39,8,7,38,49,42,COVID-2259
471,33,12,31,54,14,22,50,23,11,32,54,34,8,42,55,44,32,22,32,33,31,43,21,12,44,12,7,53,55,55,Normal-1109
367,19,12,21,48,1,22,33,20,0,31,36,30,0,40,38,38,20,21,20,30,20,39,10,12,26,12,0,49,39,48,COVID-564
25,34,6,36,50,14,18,56,16,11,29,59,27,9,40,62,38,35,17,35,28,36,39,26,7,42,6,9,50,63,49,COVID-3602
196,29,3,30,49,14,15,47,14,9,27,52,26,7,38,55,37,29,15,30,26,30,38,22,3,39,3,6,50,57,48,Viral Pneumonia-306
64,30,13,31,52,12,23,49,22,9,33,51,32,8,43,52,42,30,23,31,33,31,42,22,13,40,13,6,53,52,52,COVID-1671
15,34,7,34,50,14,18,53,17,11,29,56,28,9,40,57,39,34,18,34,28,34,39,26,7,42,7,6,50,60,50,COVID-1697
466,33,15,32,54,15,24,49,24,11,34,52,34,10,43,53,44,33,24,32,34,32,44,24,14,41,15,9,53,52,54,Normal-882
297,35,13,36,53,13,23,56,22,10,33,59,33,7,43,61,43,35,23,35,33,35,43,22,13,46,13,6,54,62,53,Normal-10144
621,33,6,31,44,9,14,55,16,6,24,58,26,5,33,59,35,32,15,32,25,32,34,22,5,44,6,3,42,59,45,Normal-8410
336,35,8,38,31,25,15,46,12,24,21,49,18,23,26,50,23,36,13,36,19,37,25,29,8,40,7,23,32,52,29,Normal-1572
26,34,8,36,48,21,19,50,18,16,29,54,27,14,39,57,37,34,18,35,28,35,38,28,9,40,8,12,48,60,47,COVID-3296
588,35,8,31,62,13,20,54,23,10,34,55,36,8,47,55,50,34,21,33,35,32,49,27,7,43,8,7,61,56,63,Normal-7076
43,34,10,33,54,16,20,51,22,14,31,53,33,13,42,54,44,34,21,33,32,33,43,26,10,41,10,12,53,56,54,COVID-1505
497,34,8,34,46,15,17,54,18,14,27,55,27,13,36,56,37,34,17,34,27,34,37,24,7,46,8,11,46,58,47,Normal-2553
515,32,11,29,55,12,21,51,23,10,32,53,34,8,42,55,45,31,22,30,33,30,44,21,10,43,12,5,53,56,56,Normal-3488
765,31,12,30,51,14,21,46,22,10,31,47,32,8,41,50,42,31,22,31,32,30,41,20,11,41,12,4,50,52,52,Viral Pneumonia-999
561,31,11,31,52,10,22,51,22,7,32,53,32,4,42,55,42,31,22,31,32,31,42,20,11,41,11,2,52,57,52,Normal-5604
454,31,16,32,53,18,25,48,24,15,35,51,33,13,44,53,43,31,25,32,34,32,43,24,16,39,15,11,53,54,52,Normal-105
387,26,15,34,54,9,28,42,22,6,39,47,31,4,50,50,41,28,25,30,35,32,45,18,17,32,14,4,60,53,51,COVID-1558
71,39,7,37,41,18,15,56,16,14,23,58,25,12,31,59,34,38,16,38,24,38,33,30,7,46,8,10,40,60,42,COVID-3095
542,35,10,34,49,15,20,57,20,13,29,59,30,12,39,60,40,35,20,35,30,35,39,24,10,50,10,11,49,60,50,Normal-4594
456,30,11,33,51,15,22,47,20,12,33,52,30,10,43,54,40,31,21,32,31,32,41,21,12,38,10,8,53,58,49,Normal-181
633,30,9,30,47,11,18,50,19,8,28,52,28,6,37,55,38,30,18,30,28,30,38,21,9,41,9,3,47,58,47,Normal-8952
431,30,13,37,53,14,26,50,20,13,36,53,30,14,47,56,40,32,23,33,33,35,43,21,14,42,11,13,57,60,49,COVID-2077
627,32,3,30,48,8,14,52,15,6,25,53,26,4,36,55,38,31,14,31,26,30,37,16,2,46,3,3,47,56,49,Normal-8735
653,32,6,31,44,15,15,42,16,10,25,41,25,21,34,41,35,32,16,31,25,31,34,24,6,43,6,8,43,41,44,Normal-9556
728,32,1,29,54,11,13,54,15,7,26,58,28,4,39,58,42,31,14,30,27,30,40,18,0,40,1,3,52,60,55,Viral Pneumonia-654
264,31,17,30,49,15,25,48,25,11,33,50,33,10,41,50,41,30,25,30,33,30,41,21,17,41,17,7,49,52,49,COVID-1943
209,34,8,32,53,11,18,56,20,8,29,58,32,6,41,61,43,33,19,33,31,32,42,21,8,47,9,5,52,61,54,Normal-2255
316,32,8,32,58,12,20,53,20,10,33,55,33,10,46,56,45,32,20,32,33,32,45,21,8,45,8,6,58,58,58,Normal-4874
513,32,9,32,53,12,20,53,19,9,31,56,30,7,42,59,41,32,20,32,31,32,42,24,9,40,9,5,53,61,52,Normal-3270
313,34,8,34,39,14,16,55,16,11,24,57,24,10,31,58,31,34,16,34,24,34,31,24,8,46,8,9,39,59,39,Normal-8561
534,28,7,28,48,10,18,47,17,9,28,48,27,8,38,50,38,28,18,28,28,28,38,20,7,37,7,9,48,50,48,Normal-4383
319,32,8,31,54,16,19,48,20,11,31,54,31,9,42,56,43,32,20,32,31,31,43,22,8,41,8,8,54,57,54,Normal-1254
7,31,8,30,57,10,20,50,20,6,32,53,32,3,44,56,44,30,20,30,32,30,44,22,8,38,8,1,56,57,57,COVID-1476
393,25,12,38,52,10,28,44,17,10,39,48,26,10,50,51,36,28,22,31,32,35,42,18,14,33,9,12,61,55,46,COVID-2281
141,34,8,32,55,14,19,53,20,11,31,54,32,8,42,56,44,33,20,33,32,32,43,24,8,45,8,5,54,58,56,Normal-10169
86,33,11,33,49,11,20,53,20,7,30,56,30,6,39,57,40,33,20,33,30,33,40,22,11,43,11,4,49,58,50,Normal-7574
478,31,8,31,38,13,16,50,16,10,23,52,23,7,30,53,31,31,16,31,23,31,31,23,8,39,8,5,38,55,38,Normal-1483
503,32,4,31,43,10,13,55,15,7,23,57,24,5,32,58,34,32,14,32,24,32,33,24,4,43,5,4,42,58,44,Normal-2840
753,30,6,32,49,14,18,48,16,11,29,52,27,10,40,54,37,30,17,31,28,32,38,20,7,39,6,7,51,56,48,Viral Pneumonia-854
215,31,11,30,55,13,21,48,23,10,32,50,34,9,43,51,45,31,22,31,33,30,44,21,11,41,12,7,54,52,56,Normal-7279
580,31,6,32,45,11,16,52,15,10,26,52,25,9,36,53,35,31,16,31,26,31,35,23,6,39,6,8,45,53,45,Normal-6743
562,30,10,32,50,10,21,51,19,7,31,54,29,4,42,56,39,30,20,30,30,31,40,18,10,42,9,4,52,57,49,Normal-5606
398,24,11,34,42,13,23,40,15,10,33,45,21,10,42,48,29,26,19,29,27,31,35,17,13,31,9,11,50,50,37,COVID-2616
668,28,11,33,57,10,24,50,20,8,36,53,32,8,48,56,43,30,22,31,34,32,45,16,12,40,10,8,59,57,55,Viral Pneumonia-11
490,31,10,32,46,11,19,53,18,8,28,55,28,6,38,58,37,31,19,32,28,32,37,22,10,46,9,6,47,60,46,Normal-2182
252,30,12,32,50,9,22,51,20,7,32,54,29,7,41,55,39,30,21,31,31,31,40,15,13,45,11,5,51,57,48,Normal-937
468,37,13,32,52,18,20,52,25,12,30,57,36,9,39,58,46,36,23,34,33,33,42,29,12,45,14,5,49,57,55,Normal-976
357,34,18,24,48,20,22,44,30,16,29,45,38,12,36,44,46,32,26,29,33,27,41,28,16,40,20,9,43,42,54,Normal-2647
254,31,5,29,54,12,16,48,17,9,28,52,30,6,40,54,42,31,17,30,29,30,41,22,4,40,5,5,53,54,55,COVID-106
276,32,7,31,47,11,17,53,17,7,27,57,28,5,37,59,38,32,17,32,27,32,37,20,7,44,7,4,47,59,48,Normal-5098
178,35,9,29,50,16,17,52,22,12,27,54,33,9,37,54,43,34,19,32,30,31,40,26,8,44,10,8,47,53,54,Viral Pneumonia-250
281,31,12,31,53,13,22,50,22,10,32,52,33,9,42,55,43,31,22,31,32,31,43,17,12,43,12,6,53,56,53,Viral Pneumonia-822
390,41,9,34,42,24,14,54,20,19,22,56,29,17,30,56,38,39,17,38,26,36,34,33,8,48,11,15,38,56,46,COVID-1785
508,31,9,30,50,11,19,50,19,8,29,52,30,6,39,54,40,30,19,30,29,30,40,19,9,41,9,4,50,57,50,Normal-3059
749,29,7,32,45,10,18,48,15,9,28,50,24,8,37,51,34,30,16,30,26,31,36,18,8,40,6,9,47,54,43,Viral Pneumonia-801
583,34,12,32,55,14,22,53,23,11,33,56,34,9,44,59,45,33,22,33,33,33,44,24,11,44,12,7,54,60,56,Normal-6873
129,33,7,33,45,13,16,51,16,11,26,53,26,10,36,55,35,33,16,33,26,33,35,22,7,41,7,9,45,56,45,Normal-8218
144,34,6,33,43,14,15,54,16,11,24,56,25,9,33,58,34,34,15,34,25,34,34,22,6,47,6,6,43,61,43,Normal-10179
645,30,4,29,49,8,15,51,16,6,26,54,27,5,37,54,38,29,15,29,26,29,38,22,4,38,4,4,48,53,49,Normal-9323
715,33,4,30,54,14,15,49,17,11,28,54,30,8,40,56,43,33,16,32,29,31,42,24,3,41,4,7,52,56,56,Viral Pneumonia-489
767,29,8,30,58,14,20,45,20,10,33,49,32,8,46,54,45,29,20,29,33,29,45,22,8,39,7,5,58,54,58,Viral Pneumonia-1052
72,27,15,32,49,11,26,47,21,9,35,51,29,9,44,54,37,29,24,30,32,31,40,19,17,37,14,8,52,57,45,COVID-1031
235,32,16,31,56,11,26,51,27,9,36,52,37,7,46,53,47,32,26,32,36,31,46,19,16,45,17,5,55,56,57,COVID-2078
37,29,8,31,55,14,20,48,19,11,32,51,31,11,44,53,43,30,20,30,32,30,44,24,8,35,8,7,56,55,55,COVID-2725
