0,30,13,32,46,11,22,50,21,8,31,54,29,7,39,56,37,31,21,31,30,31,38,18,14,42,13,6,47,58,45,625
1,31,7,32,57,13,20,48,19,10,32,52,32,9,44,53,44,31,19,31,32,31,44,19,7,43,7,7,57,54,56,1321
2,30,7,31,51,10,18,51,17,8,29,53,28,6,40,55,39,30,18,31,29,31,40,19,7,42,6,6,51,56,50,1043
3,30,10,29,44,11,18,47,19,9,27,48,27,7,35,50,36,29,19,29,27,29,36,16,10,41,10,5,44,51,44,9390
4,35,9,32,43,14,16,53,19,11,24,55,28,10,33,55,37,34,18,33,26,32,35,23,8,45,10,9,41,53,45,140
5,31,12,28,46,15,19,49,21,13,27,50,30,13,36,51,39,30,20,30,29,29,37,23,11,43,12,12,45,52,48,1533
6,36,12,34,47,17,20,54,21,14,28,55,30,12,37,56,39,35,20,35,29,35,38,26,11,46,12,10,46,58,48,1953
7,32,12,31,53,11,22,51,22,8,32,52,32,7,42,54,43,32,22,32,32,31,42,20,12,42,12,6,52,54,53,1970
8,32,7,32,40,9,16,52,15,4,24,56,23,1,32,59,31,32,15,32,24,32,32,18,7,43,7,0,40,59,40,1515
9,34,8,32,53,11,18,56,20,8,29,58,32,6,41,61,43,33,19,33,31,32,42,21,8,47,9,5,52,61,54,2255
10,32,12,31,50,13,21,50,22,11,31,51,31,9,40,54,41,32,22,32,31,31,41,20,12,44,12,8,50,55,50,40
11,28,4,31,47,6,17,52,13,3,27,55,24,2,38,58,34,29,15,30,25,31,36,14,5,44,3,1,49,60,44,738
12,29,9,33,46,14,20,46,17,11,29,51,26,11,39,52,35,30,18,31,28,32,37,20,10,39,8,11,48,53,45,1168
13,36,7,34,56,4,19,61,20,2,31,63,32,3,43,61,45,35,19,35,32,34,44,14,6,52,8,5,55,59,57,1843
14,26,11,34,51,10,24,48,17,7,35,52,27,8,46,56,36,28,21,30,31,32,41,16,13,38,8,9,56,59,46,1236
15,31,11,30,55,13,21,48,23,10,32,50,34,9,43,51,45,31,22,31,33,30,44,21,11,41,12,7,54,52,56,7279
16,32,9,30,47,15,17,49,19,12,27,52,29,11,36,52,38,32,18,31,28,31,37,21,8,44,10,9,45,53,48,3493
17,32,6,32,51,14,17,51,17,11,28,53,29,9,39,56,40,32,17,32,28,32,40,21,5,45,6,6,51,57,52,2068
18,32,9,32,48,15,19,48,19,12,29,52,29,9,39,54,38,32,19,32,29,32,39,22,9,41,9,9,49,55,48,647
19,31,4,30,46,13,14,49,14,13,25,50,25,12,35,50,36,31,14,30,25,30,35,23,4,43,4,11,46,51,46,6194
20,32,6,31,53,13,17,48,18,10,29,52,30,7,41,54,42,31,18,31,29,31,41,19,5,44,6,5,53,56,54,1007
21,32,9,31,44,12,17,52,18,10,26,54,27,9,34,56,36,32,18,32,26,32,35,20,9,45,9,7,43,57,45,3541
22,31,12,31,55,12,22,50,22,10,33,52,33,8,44,54,43,31,22,31,33,31,44,20,12,42,11,7,55,55,54,700
23,31,6,32,59,12,19,50,18,8,33,55,32,6,46,57,45,31,19,31,32,31,46,19,6,44,5,5,59,58,58,217
24,32,12,33,55,17,23,49,22,16,33,51,33,15,44,53,43,33,22,33,33,33,44,25,12,42,11,16,55,54,54,3720
25,29,14,31,56,13,25,49,24,8,36,53,34,7,46,56,44,30,25,30,35,31,45,18,15,42,14,5,57,59,54,206
26,34,6,31,51,15,16,52,18,10,27,56,30,7,38,57,41,33,17,33,28,32,39,24,5,44,6,5,49,57,52,149
27,34,8,32,53,15,19,49,20,11,30,52,32,7,41,54,43,33,20,33,31,32,42,20,8,44,9,5,52,56,54,98
28,32,12,29,47,15,19,50,22,12,28,51,31,11,37,52,40,31,21,30,30,30,38,22,11,43,13,9,46,52,49,3387
29,31,3,31,44,15,13,48,13,11,23,52,24,9,33,54,34,31,13,31,24,31,34,22,3,41,3,7,44,55,44,1268
30,23,8,27,44,9,19,40,15,6,28,42,24,6,37,43,33,24,17,25,26,26,35,15,9,32,7,5,47,45,43,6587
31,39,9,39,53,20,20,58,19,16,31,62,30,15,42,64,41,39,20,39,31,39,42,29,9,48,8,12,53,64,52,6283
32,32,3,30,58,12,16,51,18,7,30,55,31,5,43,57,45,31,17,31,31,31,44,21,3,43,4,5,57,57,59,543
33,31,12,32,47,12,21,49,20,9,30,53,29,6,39,55,38,31,21,31,30,31,39,21,12,41,12,5,48,57,47,1088
34,30,6,31,54,13,18,51,17,8,30,54,29,7,42,56,41,31,18,31,30,31,42,20,6,43,5,7,55,57,53,1209
35,32,16,31,56,11,26,51,27,9,36,52,37,7,46,53,47,32,26,32,36,31,46,19,16,45,17,5,55,56,57,2078
36,31,11,29,54,14,21,48,22,11,32,49,33,7,42,53,44,30,22,30,32,29,43,19,11,43,11,4,53,55,55,968
37,37,6,35,48,12,15,61,18,9,26,62,29,8,36,60,39,36,17,36,27,35,38,22,5,55,7,6,46,61,50,8661
38,37,12,34,50,14,20,59,23,12,29,59,33,10,38,58,42,36,22,35,31,34,40,20,11,52,13,8,48,57,52,9200
39,30,9,29,61,14,22,47,22,12,35,50,35,8,47,53,48,30,22,29,35,29,48,19,9,41,9,7,60,55,61,891
40,30,9,30,40,12,16,49,17,8,24,51,24,6,32,53,32,30,17,30,24,30,32,19,9,43,9,6,40,55,40,3305
41,31,4,32,58,11,18,51,17,9,32,55,31,8,45,55,44,31,18,32,31,32,45,18,5,44,4,6,59,56,58,1260
42,28,9,32,54,11,21,49,19,7,33,52,30,7,45,54,41,29,20,30,31,31,43,18,9,39,8,6,56,57,52,1327
43,26,1,29,55,6,16,46,13,2,30,52,27,1,43,56,40,26,15,27,28,28,42,14,2,38,0,0,57,59,54,624
44,32,5,31,57,12,18,52,18,8,31,55,31,5,44,56,44,31,18,31,31,31,44,22,5,42,6,5,57,56,57,3333
45,32,8,31,53,14,18,50,20,10,30,52,31,7,41,55,42,32,19,31,30,31,42,18,7,42,8,5,52,56,54,1092
46,33,7,31,45,13,16,51,17,10,25,53,27,8,34,54,36,32,17,32,26,31,35,24,7,41,8,6,44,56,46,8460
47,36,8,36,39,19,16,54,15,17,23,56,23,16,31,57,31,36,15,36,23,36,31,29,8,47,8,14,39,58,39,7156
48,29,14,30,45,13,22,46,22,10,30,50,29,7,37,52,37,29,22,29,30,29,37,20,14,38,14,6,45,53,45,709
49,34,8,32,63,10,21,54,22,7,34,57,36,5,48,58,50,33,22,33,35,32,49,19,7,44,8,4,62,57,64,1248
50,33,2,32,49,12,14,54,14,9,25,57,26,7,37,58,38,32,14,32,26,32,37,21,2,46,3,6,48,60,49,7806
51,29,4,33,53,11,18,51,15,7,30,56,27,5,43,58,39,30,16,31,29,32,41,17,5,41,3,5,55,59,52,162
52,30,12,32,50,9,22,51,20,7,32,54,29,7,41,55,39,30,21,31,31,31,40,15,13,45,11,5,51,57,48,937
53,33,9,33,40,12,17,53,17,10,25,56,25,9,33,56,32,33,17,33,25,33,33,19,9,45,9,9,41,57,40,6922
54,31,5,29,54,12,16,48,17,9,28,52,30,6,40,54,42,31,17,30,29,30,41,22,4,40,5,5,53,54,55,106
55,27,1,31,49,5,15,54,11,3,27,57,23,2,39,60,35,28,13,29,25,30,37,7,3,50,0,1,52,61,47,856
56,35,8,30,40,19,13,50,18,16,21,50,26,14,29,50,35,34,16,32,24,31,32,27,6,45,9,13,37,48,43,2292
57,31,9,33,45,12,18,52,17,9,28,55,26,7,37,57,35,32,18,32,27,32,36,20,9,43,8,6,46,59,45,3090
58,32,11,33,54,15,22,51,21,13,33,54,32,13,43,55,43,32,22,32,32,32,43,23,11,43,11,13,54,56,53,3003
59,29,8,28,52,15,18,43,19,13,29,45,31,10,40,48,42,29,19,28,30,28,41,20,7,39,8,7,52,50,53,1249
60,31,11,33,49,13,22,47,19,11,31,50,28,8,41,54,38,31,20,32,30,33,39,19,12,43,10,6,50,57,47,890
61,37,12,38,47,22,21,53,20,19,30,54,29,18,39,55,38,37,21,37,30,37,38,28,12,47,11,17,48,55,47,824
62,30,8,31,50,9,19,50,18,6,30,53,29,5,40,55,39,31,19,31,29,31,40,18,9,40,8,4,51,57,50,4297
63,32,6,30,50,14,16,48,17,9,27,53,29,6,38,54,40,31,17,31,28,30,39,22,6,41,6,6,49,55,51,530
64,31,17,30,49,15,25,48,25,11,33,50,33,10,41,50,41,30,25,30,33,30,41,21,17,41,17,7,49,52,49,1943
65,29,8,31,57,9,21,51,19,6,34,55,31,5,46,58,43,30,20,30,32,31,45,17,9,43,7,5,58,56,55,1656
66,30,7,32,54,16,19,45,18,13,31,48,30,10,43,51,41,30,19,31,30,31,42,21,8,39,7,8,54,53,53,5596
67,34,14,34,45,15,21,54,22,13,29,56,30,12,37,56,38,34,22,34,30,34,37,23,14,49,14,11,45,56,46,8438
68,29,8,28,48,8,18,50,19,5,28,52,29,4,38,53,38,28,18,28,28,28,38,18,8,42,9,2,47,53,48,7608
69,31,7,31,58,15,20,48,20,12,33,51,32,9,45,53,45,31,20,31,32,31,45,18,7,43,7,9,58,53,57,804
70,31,5,32,44,15,15,49,14,14,25,50,24,14,35,50,34,31,14,32,24,32,34,23,5,41,4,13,45,51,44,3945
71,29,10,30,57,7,22,53,21,5,34,55,33,3,46,56,45,29,22,30,34,30,45,19,10,41,10,2,58,58,57,2251
72,29,6,31,49,13,18,48,16,9,29,52,26,7,39,54,37,30,17,30,27,31,38,18,7,41,6,6,50,57,47,819
73,31,6,31,48,10,17,52,16,8,27,54,27,8,38,54,37,31,17,31,27,31,37,18,6,43,6,7,48,55,48,1588
74,33,3,33,44,10,13,57,14,8,23,59,24,8,33,58,34,33,13,33,23,33,33,21,3,47,4,7,43,59,44,8981
75,36,6,33,41,14,13,54,16,10,21,56,25,9,30,56,34,35,15,34,23,33,32,22,5,45,7,8,39,56,43,192
76,32,7,31,47,11,17,53,17,7,27,57,28,5,37,59,38,32,17,32,27,32,37,20,7,44,7,4,47,59,48,5098
77,29,12,33,47,13,23,47,19,12,32,50,27,12,41,53,36,30,21,31,30,32,39,19,13,38,11,12,50,55,45,2025
78,31,16,31,50,18,24,46,24,16,33,48,33,15,41,50,41,31,24,31,33,31,41,20,16,42,16,14,50,51,50,1167
79,31,13,34,52,12,24,51,21,11,34,52,31,11,44,52,41,32,23,33,33,33,42,19,14,43,12,11,54,52,51,9207
80,31,10,32,51,14,21,47,19,12,31,50,30,11,42,52,40,31,20,31,30,32,41,22,10,38,9,10,52,53,50,10027
81,31,12,31,53,13,22,50,22,10,32,52,33,9,42,55,43,31,22,31,32,31,43,17,12,43,12,6,53,56,53,822
82,31,8,27,40,16,14,45,17,12,22,48,26,9,30,49,34,30,16,29,24,28,32,23,7,39,8,7,38,49,42,2259
83,30,7,31,49,13,17,50,17,12,28,53,28,10,39,54,38,30,17,30,28,31,39,20,7,44,6,8,50,57,49,793
84,32,6,33,48,15,17,50,16,10,28,54,26,9,38,55,37,32,17,32,27,33,38,21,6,41,6,8,49,56,47,94
85,31,10,31,51,12,20,50,21,9,30,53,31,6,40,55,41,31,20,31,31,31,41,19,10,43,10,6,51,56,52,101
86,34,5,34,42,15,14,54,14,9,24,59,23,6,33,61,33,34,14,34,24,34,33,25,5,45,5,5,42,62,42,670
87,37,8,31,44,18,14,54,20,14,22,55,29,11,31,55,38,36,17,34,26,33,35,28,7,49,10,8,40,56,48,6438
88,33,9,32,59,13,21,53,22,10,34,57,35,9,46,57,47,33,22,32,34,32,47,21,9,45,10,9,59,57,60,82
89,29,10,30,56,13,22,47,21,11,34,49,32,9,45,52,43,29,22,29,33,30,44,18,11,41,10,7,56,53,55,889
90,30,8,33,50,12,20,49,18,10,30,53,28,9,40,54,38,31,19,31,29,32,39,17,9,43,8,8,51,56,48,771
91,31,6,33,44,12,16,51,14,10,26,54,24,8,36,56,34,32,15,32,25,33,35,19,6,43,5,7,46,57,43,6859
92,30,12,28,44,14,18,47,21,11,26,49,29,10,34,51,38,30,20,29,28,28,36,20,11,42,13,7,42,51,46,934
93,32,8,30,48,12,17,49,18,9,27,53,28,6,37,54,39,31,18,31,28,31,38,21,7,41,8,5,47,55,49,400
94,32,3,31,44,13,13,53,14,9,23,56,24,7,33,58,35,31,13,31,24,31,34,24,3,44,3,3,44,61,45,3593
95,30,8,31,46,14,17,52,17,11,27,55,26,11,37,56,36,30,17,31,27,31,36,20,8,45,7,9,46,58,45,2933
96,33,3,31,44,14,12,52,13,11,23,54,24,10,33,55,34,32,13,32,23,32,33,20,2,45,3,8,43,55,44,2913
97,35,13,36,53,13,23,56,22,10,33,59,33,7,43,61,43,35,23,35,33,35,43,22,13,46,13,6,54,62,53,10144
98,30,9,31,46,14,19,46,17,11,28,49,27,10,37,51,36,30,18,31,27,31,37,19,9,41,8,9,47,52,45,847
99,30,7,32,49,12,18,50,16,9,28,53,27,8,39,56,37,31,17,31,28,31,38,19,7,42,6,6,50,57,48,1265
100,35,7,34,44,18,16,53,17,14,25,56,26,13,34,58,35,35,16,35,26,34,35,27,7,44,8,11,43,59,45,Normal-6955
101,32,9,31,54,13,20,53,21,11,31,55,32,10,42,56,43,32,20,32,31,32,42,22,9,46,9,8,53,57,54,Normal-3805
102,34,10,29,41,15,15,50,20,11,22,52,28,9,30,54,36,33,17,32,25,30,33,24,8,45,11,7,37,54,45,Normal-2430
103,33,5,30,50,11,15,54,17,9,26,55,28,7,37,55,39,32,16,32,27,31,38,22,4,45,5,6,48,55,51,Normal-2183
104,33,12,34,37,21,19,45,18,18,25,48,24,16,31,50,30,33,18,33,24,34,31,26,13,39,12,16,37,52,36,Normal-8144
105,33,7,32,51,12,17,53,18,9,28,55,29,7,39,58,40,33,18,32,29,32,40,20,6,44,7,4,51,60,52,Normal-7314
106,32,9,32,48,11,19,52,18,8,29,54,28,6,38,56,38,32,19,32,28,32,38,19,9,43,9,4,48,58,47,Normal-7327
107,34,4,33,61,12,18,54,18,10,32,56,32,7,47,58,47,33,18,33,32,33,47,22,4,47,4,5,61,60,61,Normal-9875
108,31,1,32,50,11,13,52,12,9,26,53,25,8,38,54,37,32,13,32,25,32,37,20,1,42,0,8,50,55,49,Normal-7595
109,32,10,30,49,12,19,51,21,10,29,52,30,9,38,53,40,31,20,31,30,30,39,20,10,45,11,8,48,54,49,Normal-9898
110,28,8,29,62,8,22,49,21,7,36,52,34,8,49,53,48,28,21,29,35,29,49,17,8,39,8,8,63,53,62,Normal-10115
111,37,7,33,50,16,16,54,19,14,27,55,30,12,37,55,41,36,18,35,28,34,39,25,6,47,8,10,48,55,52,Normal-2744
112,37,9,37,41,19,17,55,17,16,25,58,25,15,33,60,33,37,17,37,25,37,33,26,9,48,10,12,41,60,41,Normal-5861
113,34,8,34,39,14,16,55,16,11,24,57,24,10,31,58,31,34,16,34,24,34,31,24,8,46,8,9,39,59,39,Normal-8561
114,30,7,33,36,15,16,46,13,12,23,50,20,12,31,52,27,30,14,31,22,32,29,21,8,39,6,12,38,53,34,Normal-9419
115,31,5,32,45,10,15,52,14,7,26,55,24,6,36,57,34,31,15,32,25,32,35,19,5,42,4,6,46,58,44,Normal-3856
116,32,8,32,58,12,20,53,20,10,33,55,33,10,46,56,45,32,20,32,33,32,45,21,8,45,8,6,58,58,58,Normal-4874
117,33,6,32,58,13,18,53,19,9,31,55,32,7,44,56,45,33,19,33,32,32,44,22,5,44,6,7,57,57,58,Normal-9175
118,33,9,30,48,17,17,51,20,13,27,52,30,13,37,51,40,33,19,32,29,31,38,26,8,43,10,12,47,50,50,Normal-4005
119,32,8,31,54,16,19,48,20,11,31,54,31,9,42,56,43,32,20,32,31,31,43,22,8,41,8,8,54,57,54,Normal-1254
120,33,14,42,44,20,26,50,17,18,34,54,24,18,43,58,32,35,22,37,29,39,37,24,16,42,11,19,51,60,39,Normal-52
121,33,16,30,52,16,23,49,26,11,32,51,36,9,40,54,45,32,25,32,34,31,43,23,15,44,17,7,49,54,54,Normal-128
122,29,14,34,50,13,25,48,20,12,35,54,29,11,44,56,38,30,23,32,32,33,41,18,15,39,12,11,53,59,46,Normal-223
123,36,12,30,50,17,18,50,24,12,27,52,34,9,37,53,44,35,22,33,31,31,40,26,10,45,13,7,46,53,54,Normal-238
124,35,11,31,52,16,20,52,23,12,30,54,33,11,40,54,44,34,21,33,32,32,42,25,10,44,12,9,50,54,54,Normal-270
125,33,9,31,51,14,19,51,20,10,29,54,31,8,39,56,41,32,20,32,30,32,40,21,9,45,10,6,50,57,52,Normal-335
126,35,7,30,52,17,16,51,20,11,27,54,32,8,38,55,43,33,18,32,29,31,40,26,6,43,8,6,49,55,54,Normal-359
127,28,10,34,53,11,24,46,18,8,35,52,28,8,46,55,39,29,21,31,31,32,42,18,12,37,9,9,56,57,49,Normal-445
128,33,12,31,48,15,20,48,22,12,29,50,32,9,38,53,41,33,21,32,30,31,39,22,12,42,13,7,47,54,50,Normal-456
129,29,8,33,53,10,21,50,17,7,33,55,28,6,44,58,39,30,19,31,30,32,42,18,9,39,7,4,56,62,50,Normal-551
130,35,6,30,55,12,15,58,21,6,27,60,33,4,39,60,46,34,18,32,30,31,42,26,5,45,7,2,52,60,58,Normal-706
131,33,13,28,47,17,19,46,24,13,27,48,33,10,35,51,42,32,21,31,30,29,38,24,11,42,14,7,44,51,50,Normal-764
132,29,13,36,52,16,25,46,20,14,36,51,29,13,46,54,39,31,23,33,32,34,42,21,14,39,11,14,56,57,48,Normal-846
133,26,12,32,56,6,26,49,20,4,38,52,31,4,49,56,42,27,23,29,34,30,45,13,14,38,11,5,60,58,53,Normal-1211
134,31,18,32,44,18,25,44,24,17,32,46,30,17,39,48,37,31,25,32,31,32,38,23,18,38,18,17,45,49,43,Normal-1466
135,25,23,30,43,13,31,36,26,12,37,40,30,11,42,43,35,26,28,27,33,28,38,17,25,30,22,11,47,44,40,Normal-1537
136,35,8,38,31,25,15,46,12,24,21,49,18,23,26,50,23,36,13,36,19,37,25,29,8,40,7,23,32,52,29,Normal-1572
137,35,7,31,47,16,15,54,19,11,24,54,29,9,34,55,39,34,17,33,27,32,37,25,6,47,8,7,44,55,49,Normal-1604
138,32,30,30,52,20,34,43,36,16,39,45,42,13,45,46,47,31,35,31,41,30,46,26,29,38,30,12,50,47,53,Normal-1659
139,35,18,32,42,23,23,45,25,20,28,47,31,18,34,48,37,34,24,34,30,33,36,28,17,41,19,17,40,49,44,Normal-1756
140,28,19,29,38,16,24,39,23,15,29,41,28,14,34,43,33,28,24,28,28,29,33,21,19,34,18,14,39,44,38,Normal-1882
141,31,7,26,37,12,11,48,18,8,18,49,26,6,26,49,34,30,15,28,22,27,30,22,5,43,9,4,33,49,41,Normal-1891
142,36,10,31,43,20,16,48,20,15,24,51,29,13,32,51,38,35,18,34,27,32,35,29,9,43,11,11,40,50,46,Normal-1927
143,28,14,35,46,16,24,44,19,14,33,48,26,13,42,51,34,30,22,32,30,33,38,23,15,35,12,14,50,52,43,Normal-1932
144,26,23,29,37,17,28,35,25,15,32,38,28,14,36,40,32,27,26,28,30,28,34,20,24,31,22,14,40,42,35,Normal-1940
145,40,14,34,44,24,19,56,25,20,26,58,33,17,33,60,42,39,22,37,29,36,37,33,12,51,16,14,40,60,50,Normal-1943
146,31,12,36,38,15,22,48,15,14,29,53,21,15,36,55,27,32,18,34,25,35,32,21,14,39,10,17,42,57,34,Normal-1945
147,34,8,41,39,18,20,54,12,16,29,60,19,17,36,63,26,36,16,38,24,40,32,24,11,43,6,18,44,63,34,Normal-1978
148,35,24,34,37,25,27,43,28,23,30,45,31,21,33,46,34,34,27,34,31,34,34,29,24,40,24,20,36,48,38,Normal-2001
149,28,3,30,43,11,14,44,13,10,24,47,22,9,34,48,32,28,13,29,23,29,33,18,4,36,3,9,44,49,42,Normal-2007
150,34,8,30,42,16,14,51,19,13,22,51,27,10,31,52,36,33,16,32,25,31,33,26,7,46,10,8,39,52,45,Normal-2045
151,28,1,27,52,11,13,44,14,8,26,47,27,6,38,47,39,28,14,27,26,27,39,21,1,35,1,5,51,47,52,Normal-2076
152,37,12,37,34,26,18,48,17,23,23,51,23,22,29,53,28,37,18,37,23,37,29,31,12,43,12,21,34,54,34,Normal-2095
153,39,24,34,50,26,28,53,34,23,34,54,41,19,40,54,48,37,31,36,37,35,44,33,23,48,26,17,47,54,54,Normal-2121
154,25,9,27,40,8,18,42,15,6,26,46,23,4,34,48,31,26,17,26,24,27,32,16,9,34,8,4,41,49,38,Normal-2267
155,32,10,37,47,16,22,49,17,14,32,52,26,14,41,55,35,33,19,35,29,36,38,24,12,40,9,13,50,57,44,Normal-2281
156,35,29,33,49,22,33,47,35,18,37,49,41,16,42,50,46,35,34,34,39,34,44,29,28,42,30,14,47,50,51,Normal-2401
157,34,18,24,48,20,22,44,30,16,29,45,38,12,36,44,46,32,26,29,33,27,41,28,16,40,20,9,43,42,54,Normal-2647
158,42,4,39,19,32,6,51,9,29,9,52,13,27,13,53,17,41,7,41,11,40,15,36,2,48,5,26,17,52,21,Normal-2881
159,40,25,37,46,28,28,53,32,24,34,55,38,22,39,56,44,39,30,38,36,38,41,34,24,48,26,19,44,56,49,Normal-3351
160,23,5,31,40,4,18,47,9,3,28,52,17,2,38,56,25,25,14,27,23,29,32,11,8,38,1,3,47,59,34,COVID-2
161,31,10,38,54,16,24,50,19,15,35,53,29,16,46,56,40,33,21,35,32,36,43,25,11,39,9,17,57,58,51,COVID-18
162,36,2,34,42,15,11,57,13,12,21,59,23,10,30,60,33,36,12,35,22,35,32,25,2,51,3,10,40,59,43,COVID-403
163,24,16,29,58,6,29,45,24,2,40,51,34,1,51,54,45,25,26,26,37,28,48,13,17,34,15,2,61,56,55,COVID-449
164,32,12,37,40,21,21,45,17,19,28,48,24,19,36,51,30,33,19,34,26,35,33,25,13,38,11,19,43,53,37,COVID-477
165,33,7,40,45,19,19,52,13,16,30,58,22,16,39,60,31,35,16,37,26,38,35,27,8,42,5,16,49,62,41,COVID-500
166,39,14,32,51,20,20,54,27,16,29,56,37,13,38,57,46,37,23,35,33,33,42,31,12,48,16,12,47,56,56,COVID-526
167,19,12,21,48,1,22,33,20,0,31,36,30,0,40,38,38,20,21,20,30,20,39,10,12,26,12,0,49,39,48,COVID-564
168,25,8,32,49,8,22,46,15,5,33,51,25,5,44,54,35,26,19,28,29,30,39,14,10,36,6,5,54,57,45,COVID-575
169,29,9,33,45,13,20,48,16,10,29,54,24,10,38,56,33,30,18,31,27,32,36,20,10,40,7,8,48,59,42,COVID-584
170,38,8,30,57,11,16,60,24,8,28,61,37,4,40,61,49,36,20,34,32,32,44,24,6,48,10,0,52,60,62,COVID-605
171,29,12,34,46,10,24,48,18,8,33,53,26,7,42,56,34,30,21,31,29,33,38,17,14,39,10,6,51,58,42,COVID-642
172,35,7,31,52,11,16,55,20,8,27,57,32,5,38,58,43,34,18,33,30,32,41,24,6,46,8,4,49,58,54,COVID-727
173,29,11,34,54,12,24,50,20,10,35,53,30,9,46,55,41,30,22,32,33,33,44,18,12,42,10,8,57,57,52,COVID-782
174,43,15,36,45,27,19,56,26,20,26,57,34,17,33,58,42,41,23,39,30,37,38,36,14,50,17,15,40,57,50,COVID-914
175,43,4,40,42,25,12,57,15,22,21,58,25,20,30,58,34,42,14,41,23,40,32,35,4,52,5,18,39,58,43,COVID-947
176,24,7,25,46,6,17,44,16,3,27,46,26,2,37,48,35,24,17,25,26,25,36,15,7,34,7,1,46,50,45,COVID-972
177,37,6,40,38,23,15,54,13,21,24,58,21,20,32,60,29,38,14,38,22,39,30,28,7,48,5,20,40,62,37,COVID-979
178,32,14,29,41,20,19,44,22,16,25,47,29,14,32,49,36,31,20,31,27,30,34,27,13,38,14,12,39,50,43,COVID-998
179,35,13,41,48,18,25,54,19,15,34,58,27,15,43,62,36,36,22,38,31,39,40,26,14,44,11,15,52,63,45,COVID-1028
180,40,4,30,56,18,13,58,21,12,25,60,35,9,38,59,49,38,17,35,30,32,43,30,2,51,6,5,51,58,62,COVID-1088
181,23,5,34,56,1,23,49,13,0,36,54,25,0,49,58,37,26,18,29,30,31,43,7,8,35,3,0,63,61,50,COVID-1103
182,29,16,25,56,12,24,45,28,9,34,46,38,7,43,45,48,28,26,27,36,26,46,19,14,40,17,3,53,46,58,COVID-1137
183,22,13,33,50,2,29,41,17,2,39,47,26,2,49,50,34,25,22,27,31,30,41,10,16,28,11,4,58,53,44,COVID-1258
184,34,13,26,57,15,21,49,27,9,31,50,39,6,42,50,50,32,24,30,35,28,46,24,11,43,15,3,52,50,61,COVID-1454
185,34,11,38,43,19,21,50,17,17,29,53,25,18,37,55,33,35,19,36,27,37,35,27,12,40,11,19,45,56,41,COVID-1498
186,37,7,43,40,24,18,55,12,22,27,60,20,22,36,63,28,39,15,40,24,42,32,30,8,44,5,22,44,63,36,COVID-1540
187,26,15,34,54,9,28,42,22,6,39,47,31,4,50,50,41,28,25,30,35,32,45,18,17,32,14,4,60,53,51,COVID-1558
188,31,17,38,55,16,30,51,23,14,40,56,32,13,50,59,41,33,26,35,36,36,46,22,19,43,15,12,60,63,50,COVID-1591
189,34,3,39,44,21,15,51,12,18,26,55,22,18,36,57,32,36,13,37,24,38,34,28,4,41,2,18,47,58,42,COVID-1751
190,41,9,34,42,24,14,54,20,19,22,56,29,17,30,56,38,39,17,38,26,36,34,33,8,48,11,15,38,56,46,COVID-1785
191,25,21,35,50,18,32,41,24,18,40,46,30,18,48,49,37,27,29,30,36,33,43,20,23,33,18,18,57,51,44,COVID-1935
192,34,13,31,57,18,23,48,25,15,34,49,36,13,44,48,47,33,24,32,35,32,46,26,12,42,14,10,55,48,58,COVID-2242
193,25,12,38,52,10,28,44,17,10,39,48,26,10,50,51,36,28,22,31,32,35,42,18,14,33,9,12,61,55,46,COVID-2281
194,32,2,24,53,11,11,48,18,7,24,48,31,5,37,47,44,30,15,28,28,26,40,22,0,42,3,4,50,45,57,COVID-2287
195,36,8,30,47,20,15,50,20,15,24,51,31,12,34,51,40,35,18,33,28,32,37,29,7,44,10,8,43,51,50,COVID-2426
196,28,3,21,30,12,5,44,14,7,12,46,22,4,18,46,30,26,10,25,16,23,23,23,1,39,5,3,25,45,37,COVID-2536
197,34,6,28,39,18,12,46,16,13,19,48,25,10,27,48,34,32,14,31,22,30,31,25,4,41,7,8,35,48,42,COVID-2594
198,24,11,34,42,13,23,40,15,10,33,45,21,10,42,48,29,26,19,29,27,31,35,17,13,31,9,11,50,50,37,COVID-2616
199,38,10,45,49,24,23,56,17,24,33,59,26,25,42,61,36,39,20,41,30,43,39,31,12,46,9,26,52,63,45,COVID-2705
200,31,12,32,49,14,21,51,20,11,31,54,30,11,40,55,39,31,21,32,30,32,40,23,12,39,11,9,50,59,48,images\COVID-269
201,34,7,34,44,14,16,54,16,10,25,57,26,8,34,58,35,34,16,34,26,34,35,26,7,42,7,7,44,60,44,images\COVID-2848
202,32,4,30,60,4,17,60,18,1,31,63,32,1,45,63,46,31,18,31,32,31,46,22,3,42,4,1,59,62,60,images\COVID-369
203,31,8,33,44,11,18,49,16,7,28,54,24,5,37,56,33,31,17,32,26,32,35,20,9,35,8,4,46,58,42,images\COVID-1387
204,31,2,31,53,14,15,48,15,13,28,49,28,13,41,50,40,31,15,31,28,31,41,24,2,38,2,12,53,52,53,images\COVID-3333
205,29,7,31,54,8,19,51,18,4,31,56,29,4,43,57,41,30,19,30,30,30,42,18,7,40,6,6,55,60,53,images\COVID-1405
206,32,5,32,58,7,18,56,18,5,32,57,31,5,45,58,45,32,18,32,32,32,45,24,5,40,5,5,59,60,58,images\COVID-1139
207,31,8,30,57,10,20,50,20,6,32,53,32,3,44,56,44,30,20,30,32,30,44,22,8,38,8,1,56,57,57,images\COVID-1476
208,34,8,33,50,16,18,51,19,14,29,53,29,13,39,54,40,34,19,34,29,34,39,26,8,42,9,12,49,54,50,images\COVID-3519
209,31,10,31,46,14,19,49,20,11,28,51,28,9,36,53,37,31,19,31,28,31,37,23,10,39,11,9,45,53,46,images\COVID-2474
210,33,9,33,46,13,18,52,18,11,27,54,27,10,36,55,36,33,18,33,27,33,36,25,9,40,9,9,46,55,45,images\COVID-3512
211,34,10,36,41,18,18,51,16,15,26,54,24,15,34,54,32,34,18,35,25,35,33,26,10,42,9,16,42,55,40,images\COVID-3039
212,31,1,31,49,14,13,49,13,11,25,53,25,10,37,54,37,31,13,31,25,31,37,23,1,39,1,9,49,57,50,images\COVID-80
213,32,3,33,37,16,11,49,11,14,20,52,20,13,28,53,28,32,11,32,20,33,28,24,3,39,3,11,37,54,37,images\COVID-855
214,31,12,31,63,10,25,52,24,8,38,54,37,7,50,57,50,31,25,31,37,31,50,23,12,39,12,6,63,59,62,images\COVID-1422
215,34,7,34,50,14,18,53,17,11,29,56,28,9,40,57,39,34,18,34,28,34,39,26,7,42,7,6,50,60,50,images\COVID-1697
216,34,5,34,39,19,13,51,13,16,22,54,22,14,30,55,30,34,13,34,22,34,30,26,5,42,5,12,38,57,39,images\COVID-3380
217,37,5,37,51,14,17,59,16,11,28,62,28,9,40,63,39,37,17,37,28,37,40,26,5,47,5,8,52,63,51,images\COVID-3363
218,28,9,34,48,17,21,44,17,14,31,47,26,14,41,49,36,29,19,31,29,32,38,23,10,33,8,14,51,51,45,images\COVID-3031
219,40,4,38,38,21,12,57,13,18,20,60,22,16,28,61,30,39,12,39,21,38,29,32,4,48,4,15,37,60,38,images\COVID-2169
220,31,3,32,53,13,15,49,15,10,28,54,28,8,41,56,40,31,15,31,28,31,40,24,3,38,3,8,53,56,53,images\COVID-103
221,40,18,37,57,18,26,58,29,15,35,61,39,14,45,63,49,40,28,39,37,38,47,32,17,48,19,13,54,62,59,images\COVID-162
222,36,10,36,39,19,17,56,18,15,24,58,25,14,32,59,32,36,17,36,25,36,32,28,10,44,10,12,39,62,40,images\COVID-1502
223,31,12,35,59,11,26,52,22,9,37,55,34,8,49,58,45,32,24,33,35,34,47,23,13,39,12,6,61,58,57,images\COVID-1560
224,35,7,35,43,16,16,52,16,14,24,54,25,12,33,55,34,35,16,35,25,35,34,27,7,43,7,10,42,57,43,images\COVID-3329
225,34,6,36,50,14,18,56,16,11,29,59,27,9,40,62,38,35,17,35,28,36,39,26,7,42,6,9,50,63,49,images\COVID-3602
226,34,8,36,48,21,19,50,18,16,29,54,27,14,39,57,37,34,18,35,28,35,38,28,9,40,8,12,48,60,47,images\COVID-3296
227,31,4,32,39,11,13,50,12,9,21,53,21,8,30,53,30,31,12,31,21,31,30,23,4,39,4,8,39,54,38,images\COVID-1051
228,35,4,37,46,20,15,52,14,18,26,54,24,17,36,55,35,36,14,36,25,37,36,27,4,43,4,14,47,58,45,images\COVID-2834
229,29,8,32,43,14,18,47,15,12,27,49,24,12,35,50,32,30,16,31,25,31,34,22,8,36,7,10,44,52,41,images\COVID-2459
230,33,10,33,50,12,20,52,20,9,30,55,30,7,40,57,40,33,20,33,30,33,40,22,10,41,10,3,50,60,50,images\COVID-352
231,34,1,31,52,17,13,49,15,13,25,51,28,10,38,53,40,33,14,32,27,31,39,24,1,41,2,7,50,54,53,images\COVID-1238
232,34,4,33,43,19,13,51,14,17,23,52,24,15,33,54,34,34,14,34,24,33,33,28,4,41,4,12,43,54,44,images\COVID-231
233,30,18,31,61,14,28,46,28,12,40,48,39,9,50,49,50,31,28,31,39,31,50,22,18,37,17,7,62,52,61,images\COVID-1803
234,31,2,31,44,18,12,45,12,16,23,46,22,15,33,46,33,31,12,31,23,31,33,26,2,38,2,12,44,48,43,images\COVID-1248
235,24,4,24,44,6,14,39,14,3,24,42,24,2,34,44,34,24,14,24,24,24,34,16,4,32,4,1,44,46,44,images\COVID-1907
236,30,10,30,44,10,19,52,19,7,27,54,27,5,36,56,36,30,19,30,27,30,36,18,10,41,10,4,44,58,44,images\COVID-1823
237,29,8,31,55,14,20,48,19,11,32,51,31,11,44,53,43,30,20,30,32,30,44,24,8,35,8,7,56,55,55,images\COVID-2725
238,35,12,32,44,17,19,51,21,14,26,54,30,12,34,55,38,34,20,34,28,33,36,27,12,43,13,11,42,56,46,images\COVID-726
239,41,11,41,44,26,19,58,19,22,28,60,27,20,36,61,35,41,19,41,27,41,36,33,11,49,11,17,44,63,44,images\COVID-989
240,35,10,35,48,16,19,53,20,14,29,54,29,12,38,55,39,35,20,35,29,35,39,24,10,44,10,9,48,57,48,images\COVID-3130
241,33,8,37,48,16,20,53,16,14,30,55,26,15,40,58,36,34,18,35,28,36,38,26,9,41,8,13,50,61,45,images\COVID-2948
242,31,9,31,51,12,20,49,19,10,30,51,30,8,41,53,40,31,20,31,30,31,41,23,9,39,9,6,52,56,51,images\COVID-443
243,34,10,33,54,16,20,51,22,14,31,53,33,13,42,54,44,34,21,33,32,33,43,26,10,41,10,12,53,56,54,images\COVID-1505
244,28,8,31,53,9,21,52,18,4,32,56,29,4,44,59,40,29,19,30,31,30,42,20,9,36,8,5,55,60,51,images\COVID-1550
245,30,14,31,56,13,24,47,24,10,35,49,35,7,46,51,45,30,24,30,35,31,46,22,14,39,14,4,57,54,56,images\COVID-2112
246,33,11,34,55,15,22,53,21,14,33,55,32,10,44,57,43,33,22,33,33,34,44,25,11,44,11,7,55,58,54,images\COVID-3386
247,39,10,36,53,24,19,54,22,21,30,57,33,20,41,58,44,38,21,38,31,37,42,32,9,47,10,17,51,59,55,images\COVID-2358
248,30,4,32,59,12,18,49,17,10,32,51,31,10,45,51,44,31,17,31,31,31,45,22,4,39,3,11,59,51,58,images\COVID-3316
249,32,7,32,42,12,16,51,15,10,25,53,24,8,34,56,33,32,16,32,25,32,33,21,7,42,6,6,43,58,41,images\COVID-2174
250,34,2,31,49,12,13,54,15,9,24,55,27,8,36,55,39,33,14,32,26,32,37,24,2,46,3,7,47,54,50,images\COVID-3263
251,34,10,35,44,18,19,51,18,17,28,52,27,15,36,53,35,34,19,35,27,35,36,26,10,43,10,13,45,55,44,images\COVID-2400
252,30,10,31,48,11,20,50,19,9,29,52,28,9,39,52,38,30,19,31,29,31,38,21,10,40,10,7,48,53,48,images\COVID-1104
253,33,10,36,54,16,22,50,20,13,34,53,31,13,44,54,42,33,21,34,32,35,43,25,11,41,10,12,56,55,53,images\COVID-100
254,33,7,33,54,13,19,52,19,11,31,54,31,9,42,55,42,33,19,33,31,33,42,24,7,42,7,7,54,57,54,images\COVID-1818
255,30,9,29,50,10,19,47,20,8,29,50,30,6,39,51,40,30,19,29,30,29,40,22,9,38,9,5,50,52,51,images\COVID-2504
256,30,0,31,46,9,13,54,11,7,24,57,22,5,36,58,34,30,12,31,23,31,35,20,1,43,0,2,47,60,45,images\COVID-720
257,30,9,26,46,13,16,47,20,8,25,50,30,4,34,52,40,29,18,28,28,27,37,22,8,38,10,1,43,54,50,images\COVID-881
258,28,8,29,51,8,19,48,18,7,30,51,29,6,41,53,39,28,19,29,29,29,40,18,8,38,7,5,52,52,50,images\COVID-3413
259,28,17,26,63,9,27,46,29,6,39,47,41,4,50,48,53,28,28,27,40,26,52,20,16,36,17,2,62,47,63,images\COVID-421
260,30,9,30,53,10,20,48,20,8,31,52,31,6,42,53,42,30,20,30,31,30,42,21,9,39,9,4,53,55,53,images\COVID-2657
261,33,9,32,44,18,17,47,19,14,26,50,28,12,34,53,37,33,18,32,27,32,36,25,9,40,9,10,43,53,46,images\COVID-1733
262,28,6,30,52,13,18,46,17,11,30,48,28,10,41,50,40,28,18,29,29,29,40,22,7,35,6,7,52,53,51,images\COVID-1143
263,38,7,34,50,19,16,53,18,17,27,54,29,14,37,56,40,37,17,36,28,35,39,30,6,46,7,11,48,58,51,images\COVID-1653
264,30,13,31,52,12,23,49,22,9,33,51,32,8,43,52,42,30,23,31,33,31,42,22,13,40,13,6,53,52,52,images\COVID-1671
265,35,8,33,51,18,18,51,20,14,29,53,31,12,39,54,42,35,19,34,30,34,40,27,8,41,9,10,50,54,52,images\COVID-3321
266,39,14,37,50,22,22,53,23,18,31,57,33,17,40,59,42,38,23,38,32,37,41,31,13,45,14,15,49,60,51,images\COVID-2023
267,37,6,38,44,19,16,56,15,16,26,58,24,15,35,60,34,37,16,38,25,38,35,29,6,45,6,13,45,60,44,images\COVID-969
268,29,10,32,44,16,20,47,17,12,29,50,25,11,37,52,34,30,19,31,27,31,35,22,11,37,10,11,46,52,42,images\COVID-2527
269,35,7,36,60,17,21,53,20,15,34,55,34,13,48,56,47,35,21,35,34,35,47,27,7,44,7,11,61,57,60,images\COVID-94
270,30,2,30,42,8,12,50,12,6,22,52,22,5,32,52,32,30,12,30,22,30,32,20,2,40,2,4,42,53,42,images\COVID-2457
271,39,7,37,41,18,15,56,16,14,23,58,25,12,31,59,34,38,16,38,24,38,33,30,7,46,8,10,40,60,42,images\COVID-3095
272,27,15,32,49,11,26,47,21,9,35,51,29,9,44,54,37,29,24,30,32,31,40,19,17,37,14,8,52,57,45,images\COVID-1031
273,29,13,32,52,14,23,45,22,12,34,48,31,11,44,48,41,30,22,30,32,31,42,22,13,38,12,11,54,50,51,images\COVID-2638
274,31,2,32,61,8,17,56,16,3,32,60,31,3,46,61,46,31,16,31,31,31,46,22,2,40,2,1,61,61,60,images\COVID-1066
275,28,2,31,39,15,12,43,10,12,21,47,19,11,30,48,28,29,11,29,20,30,29,22,2,34,1,9,40,49,38,images\COVID-2496
276,34,5,36,49,16,17,53,16,14,28,56,26,13,39,57,37,34,16,35,27,35,38,26,5,42,5,12,50,58,48,images\COVID-2576
277,32,2,31,48,16,14,49,14,12,25,53,25,11,36,55,36,31,14,31,25,31,36,26,2,38,2,9,48,57,48,images\COVID-1814
278,37,5,34,55,13,16,57,18,9,28,60,31,6,40,60,44,36,17,36,30,35,42,25,4,48,5,3,53,60,56,images\COVID-1453
279,31,5,32,50,15,17,50,16,11,28,52,27,8,39,53,38,32,16,32,28,32,39,23,5,41,5,6,51,54,50,images\COVID-2046
280,33,9,33,55,14,21,53,21,11,32,55,32,9,44,58,43,33,21,33,32,33,43,25,9,43,9,5,55,60,54,images\Normal-1837
281,31,8,32,49,12,18,53,18,10,28,55,28,8,39,57,38,31,18,31,28,32,38,23,8,42,7,7,49,59,48,images\Normal-2258
282,32,6,32,53,14,18,53,17,11,29,55,29,10,41,56,41,32,18,32,29,32,41,24,6,44,6,8,53,56,53,images\Normal-7660
283,29,7,32,54,14,20,46,17,11,32,51,29,9,44,54,41,30,18,31,30,32,42,22,7,36,6,10,56,56,52,images\Normal-1168
284,29,9,28,46,8,18,50,19,5,27,52,29,3,36,54,38,28,18,28,28,28,37,18,9,42,10,0,45,56,47,images\Normal-10078
285,34,10,33,63,13,23,51,24,10,36,55,37,8,49,57,50,34,23,33,36,33,50,24,10,42,10,6,62,59,63,images\Normal-395
286,33,11,33,49,11,20,53,20,7,30,56,30,6,39,57,40,33,20,33,30,33,40,22,11,43,11,4,49,58,50,images\Normal-7574
287,34,4,33,50,17,15,50,16,14,27,52,28,12,38,53,39,33,16,33,27,33,39,26,4,41,4,10,50,54,51,images\Normal-7461
288,32,5,29,45,12,13,49,16,10,24,51,26,9,34,51,37,31,15,30,25,30,35,20,4,41,5,7,44,52,47,images\Normal-8726
289,34,4,33,50,16,15,50,16,13,26,53,27,11,38,54,39,33,16,33,27,33,38,25,4,43,4,9,49,56,50,images\Normal-1821
290,33,6,32,53,14,17,49,18,12,29,51,30,11,41,52,42,33,18,33,30,32,41,23,6,40,6,9,53,53,54,images\Normal-30
291,32,3,32,45,12,14,49,13,10,24,51,24,8,35,52,34,32,14,32,24,32,34,22,3,40,3,8,45,52,45,images\Normal-5711
292,33,6,33,46,14,16,51,16,10,26,55,26,8,36,58,36,33,16,33,26,33,36,23,6,42,6,6,46,60,46,images\Normal-7712
293,30,5,32,43,12,15,50,14,10,25,54,23,8,35,56,32,30,15,31,24,31,34,21,6,40,5,5,44,58,42,images\Normal-3507
294,32,7,31,46,13,16,51,17,11,26,53,27,9,35,53,36,32,17,32,26,32,36,23,7,42,7,9,45,53,46,images\Normal-4105
295,29,2,32,55,10,16,51,13,8,30,54,27,6,44,58,40,30,15,31,28,32,42,18,3,41,1,5,57,61,53,images\Normal-3168
296,33,7,33,54,13,18,54,19,8,30,58,31,5,42,60,42,33,19,33,30,33,42,25,7,43,7,4,53,60,54,images\Normal-8339
297,34,3,34,39,15,12,52,11,13,21,55,20,12,30,56,29,34,12,34,21,34,30,24,3,43,2,11,39,56,38,images\Normal-1950
298,35,4,35,44,17,14,52,14,15,24,54,24,15,34,54,34,35,14,35,24,35,34,25,4,44,4,13,44,55,44,images\Normal-3670
299,33,6,33,59,11,19,54,19,11,32,55,32,11,46,55,45,33,19,33,32,33,46,24,6,41,6,10,59,56,58,images\Normal-1298
300,32,7,31,63,12,20,52,21,9,34,54,35,6,48,56,49,31,21,31,35,31,49,21,7,43,7,5,62,56,63,Normal-8520
301,35,8,34,48,15,17,54,18,13,27,55,28,10,37,58,39,35,18,34,28,34,38,24,7,47,8,9,48,58,49,Normal-7635
302,34,14,32,40,16,19,49,22,13,25,51,29,12,31,51,35,34,21,33,27,32,33,25,14,42,15,10,38,51,41,Normal-7874
303,35,11,34,49,15,20,54,21,14,30,54,31,13,39,55,40,35,20,34,30,34,40,24,11,49,11,10,48,56,50,Normal-2520
304,33,9,32,45,12,18,52,18,10,27,55,27,7,36,56,36,32,18,32,27,32,36,23,9,42,9,5,45,58,46,Normal-3583
305,32,11,32,48,14,20,51,20,11,29,53,29,10,39,54,38,32,20,32,29,32,38,23,11,42,10,7,48,55,48,Normal-10130
306,30,7,31,60,11,21,50,20,8,34,52,33,6,47,55,47,30,20,30,34,30,47,21,7,40,7,4,60,57,60,Normal-5015
307,31,1,32,54,10,15,51,14,8,28,54,27,6,42,56,40,31,14,31,28,32,41,21,1,40,1,5,55,59,54,Normal-9417
308,35,8,36,46,17,18,54,17,15,27,56,27,12,37,59,36,35,18,36,27,36,36,25,8,47,8,11,46,61,46,Normal-4185
309,30,11,30,45,11,19,49,19,9,28,51,28,7,37,53,36,30,19,30,28,30,36,18,11,41,10,6,45,54,45,Normal-4544
310,30,7,30,47,10,17,48,17,8,27,50,27,7,37,52,37,30,17,30,27,30,37,21,7,38,7,7,47,53,47,Normal-4235
311,31,3,31,43,10,13,53,13,8,23,54,23,8,33,56,33,31,13,31,23,31,33,23,3,41,3,8,43,55,43,Normal-4484
312,35,14,30,49,18,20,51,26,12,28,54,35,9,36,55,44,34,23,32,31,31,40,25,12,46,16,7,45,56,53,Normal-836
313,30,7,31,43,10,16,49,16,8,25,52,25,6,34,54,34,30,16,31,25,31,34,20,7,41,7,3,43,56,43,Normal-8814
314,31,13,34,53,12,24,52,22,10,35,55,32,8,45,58,42,32,23,32,33,33,43,20,14,43,13,6,55,60,51,Normal-7293
315,32,10,32,43,13,18,52,18,10,26,54,27,10,34,56,35,32,18,32,26,32,35,23,10,43,10,8,43,58,43,Normal-8608
316,31,2,33,51,14,15,49,13,13,27,52,25,12,39,54,37,31,14,32,26,32,38,22,2,40,1,12,52,54,50,Normal-6393
317,37,8,36,46,21,16,52,18,18,26,54,28,16,36,54,37,37,17,36,27,36,36,29,7,46,8,15,45,54,47,Normal-6322
318,32,10,32,49,13,20,51,20,10,30,54,29,7,39,57,39,32,20,32,29,32,39,23,10,43,10,5,49,58,49,Normal-4857
319,34,9,32,51,15,18,52,20,10,29,55,31,7,39,58,42,34,19,33,30,33,41,26,8,43,9,5,50,60,52,Normal-805
320,31,7,31,35,14,14,48,13,13,21,49,21,12,28,50,28,31,14,31,21,31,28,19,7,42,6,10,35,52,34,Normal-7573
321,34,8,33,47,15,17,51,18,13,27,53,28,11,37,54,38,34,18,33,28,33,37,23,7,43,8,9,46,56,48,Normal-2073
322,32,9,31,50,12,19,50,20,8,29,53,30,6,39,54,40,31,19,31,29,31,39,22,9,42,9,6,49,55,50,Normal-2112
323,33,12,32,46,13,19,53,20,11,28,55,29,8,36,56,38,33,20,33,29,32,37,22,11,46,12,5,45,58,46,Normal-2677
324,35,11,30,58,13,21,52,25,8,33,55,37,7,44,56,49,34,23,32,35,31,47,24,10,42,12,5,56,56,61,Normal-1035
325,33,8,33,42,15,16,52,16,13,25,53,25,13,34,52,34,33,16,33,25,33,34,24,8,45,8,12,42,53,42,Normal-8352
326,32,4,30,53,10,15,51,17,7,28,54,30,6,40,56,42,31,16,31,29,30,41,23,3,41,4,3,52,58,54,Normal-3800
327,33,8,34,45,12,17,53,16,9,27,56,26,8,36,58,35,33,17,33,26,34,36,23,8,43,7,7,45,59,45,Normal-2742
328,32,1,32,53,11,14,52,14,8,27,55,27,7,40,56,40,32,14,32,27,32,40,21,1,43,1,6,54,58,53,Normal-5766
329,33,7,33,45,13,16,51,16,11,26,53,26,10,36,55,35,33,16,33,26,33,35,22,7,41,7,9,45,56,45,Normal-8218
330,34,7,33,63,16,20,52,21,14,34,55,35,12,48,55,49,34,21,34,35,34,49,26,6,42,7,12,62,55,63,Normal-8907
331,31,8,28,44,12,15,49,19,9,24,50,28,6,33,50,37,30,17,30,26,29,35,22,7,43,9,5,42,50,46,Normal-2227
332,32,3,34,43,15,14,49,12,13,24,53,22,12,34,55,32,32,13,33,23,33,33,21,3,42,2,11,44,56,42,Normal-8559
333,31,14,30,59,10,25,51,26,8,36,53,37,5,47,54,48,31,25,31,36,30,48,19,14,42,14,2,58,56,60,Normal-7545
334,29,9,29,47,12,18,46,18,10,28,47,28,10,37,48,37,29,18,29,28,29,37,19,9,38,9,8,47,49,47,Normal-4178
335,32,10,31,50,12,20,52,21,8,29,55,30,6,39,57,40,32,20,31,30,31,40,22,10,44,11,4,49,58,50,Normal-8732
336,33,7,30,44,14,15,50,18,10,24,51,27,8,33,53,37,32,16,32,26,31,35,25,6,44,8,7,42,53,46,Normal-4596
337,33,5,31,49,12,15,53,17,10,26,54,28,8,37,54,39,32,16,32,27,31,38,23,4,45,6,7,48,54,50,Normal-5020
338,28,3,32,49,14,16,44,13,11,28,49,24,10,39,50,36,29,14,30,26,31,38,21,4,35,2,10,51,52,47,Normal-4846
339,32,9,32,61,12,22,51,22,9,35,54,35,8,48,57,48,32,22,32,35,32,48,22,9,41,9,6,61,58,61,Normal-1433
340,28,9,27,41,9,16,49,18,4,24,53,26,2,32,55,34,28,17,27,25,27,33,18,9,42,10,0,40,57,42,Normal-6151
341,34,8,32,55,14,19,53,20,11,31,54,32,8,42,56,44,33,20,33,32,32,43,24,8,45,8,5,54,58,56,Normal-10169
342,32,9,33,49,12,19,51,19,10,29,54,28,8,39,55,38,32,19,33,29,33,39,20,9,42,9,8,49,56,48,Normal-9308
343,34,9,35,52,14,20,56,19,12,31,57,30,11,41,59,41,34,20,34,30,34,41,23,9,48,9,10,52,60,51,Normal-4488
344,34,6,33,43,14,15,54,16,11,24,56,25,9,33,58,34,34,15,34,25,34,34,22,6,47,6,6,43,61,43,Normal-10179
345,37,12,34,61,19,23,56,25,15,35,58,38,10,48,62,50,36,24,36,36,35,49,27,11,49,12,7,60,63,63,Normal-6411
346,31,7,30,46,8,16,53,17,3,26,57,27,1,36,58,37,30,16,30,26,30,36,18,6,43,7,1,45,59,47,Normal-7718
347,34,8,33,47,14,17,52,18,11,27,55,28,8,37,58,38,34,18,33,28,33,38,22,8,45,8,5,46,60,48,Normal-9992
348,33,8,32,48,13,18,55,19,10,28,57,29,8,37,58,39,33,18,33,28,32,38,24,8,46,8,7,47,58,49,Normal-8879
349,33,11,33,63,13,24,55,24,11,37,57,37,9,50,59,50,33,24,33,37,33,50,23,11,48,11,8,63,60,63,Normal-4554
350,32,10,33,52,14,21,51,20,11,31,54,30,9,42,56,41,32,20,32,31,33,41,24,10,42,10,7,52,59,51,Normal-2012
351,39,18,35,48,20,23,59,28,16,30,61,36,14,38,62,43,38,25,37,33,36,40,29,17,50,19,14,46,62,51,Normal-8543
352,32,6,30,54,13,17,50,18,10,29,52,31,9,41,53,43,31,18,31,30,30,42,23,5,41,6,9,53,53,55,Normal-5241
353,32,7,34,42,17,16,48,15,15,25,51,23,13,34,52,32,32,16,33,24,33,33,24,7,41,6,10,43,54,41,Normal-5497
354,32,10,32,51,13,20,50,20,11,31,52,30,9,41,53,40,32,20,32,30,32,41,21,10,43,10,8,51,54,51,Normal-2575
355,33,2,32,42,13,12,52,13,10,22,54,23,10,31,54,33,33,12,33,22,32,32,25,2,43,3,10,41,54,43,Normal-8035
356,34,6,34,48,13,16,53,16,10,27,56,27,9,38,58,37,34,16,34,27,34,38,22,6,44,5,8,48,59,48,Normal-6262
357,32,2,31,39,16,11,48,12,13,20,50,21,12,29,50,31,32,12,32,21,31,30,22,2,41,2,10,39,51,40,Normal-7848
358,32,6,34,45,17,16,49,15,14,26,52,24,13,36,54,34,32,16,33,25,33,35,26,6,39,6,12,46,56,44,Normal-3343
359,32,7,31,50,15,17,50,19,13,28,51,29,12,38,50,40,32,18,32,29,31,39,24,7,43,8,11,49,50,51,Normal-2306
360,32,3,33,52,9,16,55,15,7,28,57,27,7,40,57,39,32,15,33,28,33,40,20,3,43,3,7,53,58,52,Normal-5201
361,34,8,32,55,16,19,51,21,13,31,55,32,11,42,56,44,33,20,33,32,32,43,26,8,42,9,9,54,57,56,Normal-6797
362,31,10,29,53,11,20,50,22,9,31,52,32,8,41,53,43,31,21,30,32,30,42,19,10,45,11,5,52,54,54,Normal-2525
363,31,8,30,46,10,17,52,19,7,26,54,28,6,35,54,37,31,18,30,27,30,36,21,8,45,9,4,45,55,47,Normal-5932
364,33,12,33,43,16,20,49,20,14,28,51,28,13,36,52,35,33,20,33,28,33,36,24,12,42,12,13,44,53,43,Normal-6820
365,32,8,32,58,14,21,52,21,12,33,54,33,10,46,56,46,32,21,32,33,32,46,24,8,44,8,8,58,58,58,Normal-6404
366,31,8,32,52,12,20,51,19,11,30,52,30,10,41,54,41,31,19,31,30,32,41,21,8,43,8,9,52,55,52,Normal-2748
367,28,2,30,49,13,14,46,13,12,26,48,24,13,38,49,36,29,14,29,25,30,37,20,2,38,1,12,49,50,48,Normal-3816
368,33,7,34,45,13,17,53,16,10,27,56,26,10,36,57,35,33,17,33,26,34,36,22,7,43,7,8,46,59,45,Normal-9941
369,31,9,30,50,11,19,48,20,8,29,51,30,6,39,52,40,30,19,30,30,30,40,21,9,39,9,4,50,54,50,Normal-5691
370,33,10,32,54,14,20,51,21,11,32,54,32,8,43,55,43,33,21,32,32,32,43,19,10,44,10,6,54,56,54,Viral Pneumonia-449
371,31,8,31,53,12,20,50,20,8,30,53,31,7,42,55,42,31,20,31,31,31,42,20,8,42,8,5,53,56,53,Viral Pneumonia-1345
372,35,6,30,58,14,17,52,20,10,30,56,34,8,42,56,47,34,19,33,32,32,45,24,5,45,6,6,56,56,60,Viral Pneumonia-549
373,29,5,30,60,12,19,48,18,9,33,51,32,8,47,52,46,30,19,30,33,30,46,20,5,40,5,7,60,54,60,Viral Pneumonia-370
374,33,14,33,53,15,24,48,24,11,34,51,34,9,43,54,43,33,24,33,34,33,43,20,14,44,14,7,53,56,53,Viral Pneumonia-909
375,35,4,32,50,17,14,50,16,13,26,53,28,10,37,56,40,34,15,33,27,33,38,24,3,45,4,9,49,56,51,Viral Pneumonia-761
376,33,12,31,52,16,21,49,23,11,31,52,33,9,40,53,42,32,22,32,32,32,42,22,12,43,13,8,50,54,52,Viral Pneumonia-840
377,31,4,35,60,14,19,51,17,11,34,55,30,9,48,57,44,32,18,33,32,34,46,21,4,43,3,8,62,58,59,Viral Pneumonia-747
378,35,9,29,50,16,17,52,22,12,27,54,33,9,37,54,43,34,19,32,30,31,40,26,8,44,10,8,47,53,54,Viral Pneumonia-250
379,33,8,33,58,14,21,51,20,11,33,55,33,9,46,56,46,33,20,33,33,33,46,22,8,43,8,9,58,57,58,Viral Pneumonia-588
380,32,8,30,53,14,18,51,20,9,30,54,31,6,41,56,42,31,19,31,30,30,42,22,8,43,8,4,52,56,54,Viral Pneumonia-1322
381,32,10,32,58,13,21,48,22,9,34,54,34,7,46,55,46,32,22,32,34,32,46,20,9,42,10,7,58,56,58,Viral Pneumonia-425
382,31,10,31,48,16,20,45,20,14,29,48,29,11,39,50,39,31,20,31,29,31,39,22,10,38,10,9,48,52,48,Viral Pneumonia-767
383,32,10,29,53,14,20,47,22,11,31,50,33,7,41,52,44,31,21,31,32,30,43,21,10,41,11,6,52,53,55,Viral Pneumonia-1329
384,32,7,33,56,12,20,52,19,10,32,54,31,9,44,55,43,32,19,32,31,32,44,21,7,43,7,8,56,57,55,Viral Pneumonia-199
385,32,7,32,57,15,19,49,20,11,32,51,32,9,44,53,45,32,20,32,32,32,44,22,7,41,7,7,57,55,57,Viral Pneumonia-1057
386,36,8,29,48,18,16,50,21,11,25,53,32,8,35,54,42,34,18,32,28,31,38,25,7,44,10,7,45,54,52,Viral Pneumonia-506
387,29,6,32,49,14,18,47,16,11,29,51,26,10,40,53,36,30,17,31,28,31,38,21,7,39,6,8,51,56,47,Viral Pneumonia-207
388,30,6,30,56,12,18,47,18,10,31,51,31,7,43,53,44,30,18,30,31,30,44,20,6,39,6,6,56,54,56,Viral Pneumonia-1022
389,31,2,32,53,13,15,50,15,9,28,53,27,8,41,56,40,31,15,32,28,32,40,21,3,41,2,8,54,56,53,Viral Pneumonia-28
390,29,7,33,61,12,22,50,19,9,36,54,32,7,49,57,46,30,20,31,34,32,48,18,7,42,6,6,63,60,59,Viral Pneumonia-1104
391,32,8,31,59,11,20,49,21,8,33,53,34,6,45,54,46,32,20,32,33,31,46,20,8,41,8,4,58,55,59,Viral Pneumonia-542
392,33,13,32,47,15,21,49,22,11,30,54,31,9,38,56,39,33,22,33,30,33,39,22,13,43,13,8,47,56,48,Viral Pneumonia-386
393,32,10,32,56,16,22,49,21,11,33,54,33,10,45,56,44,32,22,32,33,32,45,22,10,42,10,9,56,57,56,Viral Pneumonia-14
394,34,8,33,57,12,20,54,20,8,32,58,33,5,44,60,45,34,20,34,32,33,45,24,8,45,8,4,56,60,58,Viral Pneumonia-80
395,34,4,34,55,16,16,49,16,13,29,52,29,11,42,54,42,34,16,34,29,34,42,23,3,43,4,10,55,56,55,Viral Pneumonia-1038
396,29,3,30,49,14,15,47,14,9,27,52,26,7,38,55,37,29,15,30,26,30,38,22,3,39,3,6,50,57,48,Viral Pneumonia-306
397,32,4,30,53,14,16,50,18,11,28,53,30,9,40,54,42,32,17,31,29,30,41,22,4,42,5,8,52,54,54,Viral Pneumonia-285
398,33,2,30,44,16,12,45,14,13,22,47,24,10,32,48,35,32,13,31,23,31,34,23,2,40,3,8,43,50,46,Viral Pneumonia-508
399,33,4,32,54,15,16,51,17,11,29,53,30,9,41,54,42,33,17,33,29,32,42,23,4,44,4,8,54,56,55,Viral Pneumonia-741
